encoder1.conv3x3_bn.conv,encoder_fc_part19,encoder_fc_part12,encoder_fc_part1,encoder_fc_part8,encoder_fc_part9,encoder_fc_part14,encoder_fc_part20,encoder_fc_part27,encoder_fc_part2,encoder_fc_part10,encoder_fc_part0,encoder_fc_part31,encoder_fc_part13,encoder_fc_part5,encoder_fc_part24,encoder_fc_part22,encoder_fc_part4,encoder_fc_part3,encoder_fc_part28,encoder_fc_part23,encoder_fc_part25,encoder_fc_part17,encoder_fc_part26,encoder_fc_part16,encoder_fc_part30,encoder_fc_part11,encoder_fc_part6,encoder_fc_part21,encoder_fc_part15,encoder_fc_part29,encoder2.conv,encoder_fc_part7,encoder_fc_part18,encoder_conv.conv1x1_bn.conv,encoder1.conv1x9_bn.conv,encoder1.conv9x1_bn.conv,Target_Saving,Actual_Saving,Total_Omega,NMSE_dB,NMSE_dB_ILP
16,16,16,16,16,16,8,16,8,8,8,8,8,8,8,8,8,8,8,8,8,8,8,8,8,8,8,8,8,8,8,16,8,8,16,8,16,85.0,85.15520706989801,0.0308848007763426,-12.868430062286771,-12.86302742766913
16,16,16,16,16,16,8,16,8,8,8,8,8,8,8,8,8,8,8,8,8,8,8,8,8,8,8,8,8,8,8,16,8,8,16,16,8,85.05,85.15520706989801,0.030883157961706743,-12.868430062286771,-12.86302742766913
16,16,16,16,16,8,8,16,16,8,8,8,8,8,8,8,8,8,8,8,8,8,8,8,8,8,8,8,8,8,8,16,8,8,16,16,8,85.1,85.15520706989801,0.03090739269500719,-12.868430062286771,-12.86302742766913
16,16,16,16,16,16,8,16,8,8,8,8,8,8,8,8,8,8,8,8,8,8,8,8,8,8,8,8,8,8,8,16,8,8,16,16,8,85.15,85.15520706989801,0.030883157961706743,-12.866636638254343,-12.86302742766913
16,16,16,16,16,8,8,16,8,8,8,8,8,8,8,8,8,8,8,8,8,8,8,8,8,8,8,8,8,8,8,16,8,8,16,16,8,85.2,85.54577545369247,0.0326305503401816,-12.865464575360445,-12.861845734905597
16,16,16,16,16,8,8,16,8,8,8,8,8,8,8,8,8,8,8,8,8,8,8,8,8,8,8,8,8,8,8,16,8,8,16,8,16,85.25,85.54577545369247,0.03263219315481746,-12.865464575360445,-12.861845734905597
16,16,16,16,16,8,8,16,8,8,8,8,8,8,8,8,8,8,8,8,8,8,8,8,8,8,8,8,8,8,8,16,8,8,16,16,8,85.3,85.54577545369247,0.0326305503401816,-12.865464575360445,-12.861845734905597
16,16,16,16,8,16,8,16,8,8,8,8,8,8,8,8,8,8,8,8,8,8,8,8,8,8,8,8,8,8,8,16,8,8,16,8,16,85.35,85.54577545369247,0.03269993162313451,-12.865464575360445,-12.861845734905597
16,16,16,16,16,8,8,16,8,8,8,8,8,8,8,8,8,8,8,8,8,8,8,8,8,8,8,8,8,8,8,16,8,8,16,16,8,85.4,85.54577545369247,0.0326305503401816,-12.865464575360445,-12.861845734905597
16,16,16,16,16,8,8,16,8,8,8,8,8,8,8,8,8,8,8,8,8,8,8,8,8,8,8,8,8,8,8,16,8,8,16,8,16,85.45,85.54577545369247,0.03263219315481746,-12.863161841676206,-12.861845734905597
16,16,16,16,16,8,8,16,8,8,8,8,8,8,8,8,8,8,8,8,8,8,8,8,8,8,8,8,8,8,8,16,8,8,16,8,16,85.5,85.54577545369247,0.03263219315481746,-12.863161841676206,-12.861845734905597
16,16,16,16,8,8,8,16,8,8,8,8,8,8,8,8,8,8,8,8,8,8,8,8,8,8,8,8,8,8,8,16,8,8,16,16,8,85.9,85.93634383748694,0.03444568118697351,-12.863161841676206,-12.859700421181358
16,16,16,16,8,8,8,16,8,8,8,8,8,8,8,8,8,8,8,8,8,8,8,8,8,8,8,8,8,8,8,16,8,8,16,16,8,85.85,85.93634383748694,0.03444568118697351,-12.863161841676206,-12.859700421181358
16,16,16,16,8,8,8,16,8,8,8,8,8,8,8,8,8,8,8,8,8,8,8,8,8,8,8,8,8,8,8,16,8,8,16,16,8,85.8,85.93634383748694,0.03444568118697351,-12.863161841676206,-12.859700421181358
16,16,16,16,8,8,8,16,8,8,8,8,8,8,8,8,8,8,8,8,8,8,8,8,8,8,8,8,8,8,8,16,8,8,16,16,8,85.75,85.93634383748694,0.03444568118697351,-12.863161841676206,-12.859700421181358
16,16,16,16,8,8,8,16,8,8,8,8,8,8,8,8,8,8,8,8,8,8,8,8,8,8,8,8,8,8,8,16,8,8,16,16,8,85.65,85.93634383748694,0.03444568118697351,-12.863161841676206,-12.859700421181358
16,16,16,16,8,8,8,16,8,8,8,8,8,8,8,8,8,8,8,8,8,8,8,8,8,8,8,8,8,8,8,16,8,8,16,8,16,85.6,85.93634383748694,0.034447324001609374,-12.863161841676206,-12.859700421181358
16,16,16,16,8,8,8,16,8,8,8,8,8,8,8,8,8,8,8,8,8,8,8,8,8,8,8,8,8,8,8,16,8,8,16,8,16,85.55,85.93634383748694,0.034447324001609374,-12.863161841676206,-12.859700421181358
16,16,16,16,8,8,8,16,8,8,8,8,8,8,8,8,8,8,8,8,8,8,8,8,8,8,8,8,8,8,8,16,8,8,16,16,8,85.7,85.93634383748694,0.03444568118697351,-12.863161841676206,-12.859700421181358
16,16,16,16,8,8,8,8,8,8,8,8,8,8,8,8,8,8,8,8,8,8,8,8,8,8,8,8,8,8,8,16,8,8,16,8,16,85.95,86.32691222128139,0.0363667778906783,-12.86155390442103,-12.857564235098412
16,16,16,16,8,8,8,8,8,8,8,8,8,8,8,8,8,8,8,8,8,8,8,8,8,8,8,8,8,8,8,16,8,8,16,8,16,86.0,86.32691222128139,0.0363667778906783,-12.86155390442103,-12.857564235098412
16,16,16,16,8,8,8,8,8,8,8,8,8,8,8,8,8,8,8,8,8,8,8,8,8,8,8,8,8,8,8,16,8,8,16,8,16,86.05,86.32691222128139,0.0363667778906783,-12.86155390442103,-12.857564235098412
16,16,16,16,8,8,8,8,8,8,8,8,8,8,8,8,8,8,8,8,8,8,8,8,8,8,8,8,8,8,8,16,8,8,16,8,16,86.1,86.32691222128139,0.0363667778906783,-12.86155390442103,-12.857564235098412
16,16,16,16,8,8,8,8,8,8,8,8,8,8,8,8,8,8,8,8,8,8,8,8,8,8,8,8,8,8,8,16,8,8,16,16,8,86.15,86.32691222128139,0.036365135076042436,-12.86155390442103,-12.857564235098412
16,16,16,16,8,8,8,8,8,8,8,8,8,8,8,8,8,8,8,8,8,8,8,8,8,8,8,8,8,8,8,16,8,8,16,8,16,86.2,86.32691222128139,0.0363667778906783,-12.86155390442103,-12.857564235098412
16,16,16,8,8,8,8,16,8,8,8,8,8,8,8,8,8,8,8,8,8,8,8,8,8,8,8,8,8,8,8,16,8,8,16,16,8,86.25,86.32691222128139,0.036407459620717716,-12.86155390442103,-12.857564235098412
16,16,16,8,8,8,8,16,8,8,8,8,8,8,8,8,8,8,8,8,8,8,8,8,8,8,8,8,8,8,8,16,8,8,16,16,8,86.3,86.32691222128139,0.036407459620717716,-12.86155390442103,-12.857564235098412
16,16,16,8,8,8,8,8,8,8,8,8,8,8,8,8,8,8,8,8,8,8,8,8,8,8,8,8,8,8,8,16,8,8,16,8,16,86.6,86.71748060507586,0.0383285563244225,-12.859286767189001,-12.8561108726748
16,16,16,8,8,8,8,8,8,8,8,8,8,8,8,8,8,8,8,8,8,8,8,8,8,8,8,8,8,8,8,16,8,8,16,8,16,86.7,86.71748060507586,0.0383285563244225,-12.859286767189001,-12.8561108726748
16,16,16,8,8,8,8,8,8,8,8,8,8,8,8,8,8,8,8,8,8,8,8,8,8,8,8,8,8,8,8,16,8,8,16,16,8,86.65,86.71748060507586,0.03832691350978664,-12.859286767189001,-12.8561108726748
16,16,16,8,8,8,8,8,8,8,8,8,8,8,8,8,8,8,8,8,8,8,8,8,8,8,8,8,8,8,8,16,8,8,16,16,8,86.55,86.71748060507586,0.03832691350978664,-12.859286767189001,-12.8561108726748
16,16,16,8,8,8,8,8,8,8,8,8,8,8,8,8,8,8,8,8,8,8,8,8,8,8,8,8,8,8,8,16,8,8,16,8,16,86.5,86.71748060507586,0.0383285563244225,-12.859286767189001,-12.8561108726748
16,16,16,8,8,8,8,8,8,8,8,8,8,8,8,8,8,8,8,8,8,8,8,8,8,8,8,8,8,8,8,16,8,8,16,16,8,86.35,86.71748060507586,0.03832691350978664,-12.859286767189001,-12.8561108726748
16,16,16,8,8,8,8,8,8,8,8,8,8,8,8,8,8,8,8,8,8,8,8,8,8,8,8,8,8,8,8,16,8,8,16,8,8,86.45,86.71790969631783,0.03832879180736419,-12.856903168582898,-12.8561108726748
16,16,16,8,8,8,8,8,8,8,8,8,8,8,8,8,8,8,8,8,8,8,8,8,8,8,8,8,8,8,8,16,8,8,16,8,8,86.4,86.71790969631783,0.03832879180736419,-12.856903168582898,-12.8561108726748
16,16,8,8,8,8,8,8,8,8,8,8,8,8,8,8,8,8,8,8,8,8,8,8,8,8,8,8,8,8,8,16,8,8,16,16,8,86.75,87.10804898887032,0.040490390853377495,-12.856903168582898,-12.853882529911429
16,16,8,8,8,8,8,8,8,8,8,8,8,8,8,8,8,8,8,8,8,8,8,8,8,8,8,8,8,8,8,16,8,8,16,8,16,86.8,87.10804898887032,0.04049203366801336,-12.856903168582898,-12.853882529911429
16,16,8,8,8,8,8,8,8,8,8,8,8,8,8,8,8,8,8,8,8,8,8,8,8,8,8,8,8,8,8,16,8,8,16,16,8,86.85,87.10804898887032,0.040490390853377495,-12.856903168582898,-12.853882529911429
16,16,8,8,8,8,8,8,8,8,8,8,8,8,8,8,8,8,8,8,8,8,8,8,8,8,8,8,8,8,8,16,8,8,16,16,8,86.9,87.10804898887032,0.040490390853377495,-12.856903168582898,-12.853882529911429
16,16,8,8,8,8,8,8,8,8,8,8,8,8,8,8,8,8,8,8,8,8,8,8,8,8,8,8,8,8,8,16,8,8,16,8,16,86.95,87.10804898887032,0.04049203366801336,-12.856903168582898,-12.853882529911429
16,16,8,8,8,8,8,8,8,8,8,8,8,8,8,8,8,8,8,8,8,8,8,8,8,8,8,8,8,8,8,16,8,8,16,8,16,87.0,87.10804898887032,0.04049203366801336,-12.856903168582898,-12.853882529911429
16,16,8,8,8,8,8,8,8,8,8,8,8,8,8,8,8,8,8,8,8,8,8,8,8,8,8,8,8,8,8,16,8,8,16,8,16,87.05,87.10804898887032,0.04049203366801336,-12.856903168582898,-12.853882529911429
16,16,8,8,8,8,8,8,8,8,8,8,8,8,8,8,8,8,8,8,8,8,8,8,8,8,8,8,8,8,8,16,8,8,16,16,8,87.1,87.10804898887032,0.040490390853377495,-12.856903168582898,-12.853882529911429
16,8,8,8,8,8,8,8,8,8,8,8,8,8,8,8,8,8,8,8,8,8,8,8,8,8,8,8,8,8,8,16,8,8,16,8,16,87.15,87.49861737266478,0.04774373429642493,-12.846797368833514,-12.846450508927612
16,8,8,8,8,8,8,8,8,8,8,8,8,8,8,8,8,8,8,8,8,8,8,8,8,8,8,8,8,8,8,16,8,8,16,8,8,87.45,87.49904646390675,0.04774396977936662,-12.846450508927612,-12.846450508927612
16,8,8,8,8,8,8,8,8,8,8,8,8,8,8,8,8,8,8,8,8,8,8,8,8,8,8,8,8,8,8,16,8,8,16,8,8,87.4,87.49904646390675,0.04774396977936662,-12.846450508927612,-12.846450508927612
16,8,8,8,8,8,8,8,8,8,8,8,8,8,8,8,8,8,8,8,8,8,8,8,8,8,8,8,8,8,8,16,8,8,16,8,8,87.35,87.49904646390675,0.04774396977936662,-12.846450508927612,-12.846450508927612
16,8,8,8,8,8,8,8,8,8,8,8,8,8,8,8,8,8,8,8,8,8,8,8,8,8,8,8,8,8,8,16,8,8,16,8,8,87.3,87.49904646390675,0.04774396977936662,-12.846450508927612,-12.846450508927612
16,8,8,8,8,8,8,8,8,8,8,8,8,8,8,8,8,8,8,8,8,8,8,8,8,8,8,8,8,8,8,16,8,8,16,8,8,87.25,87.49904646390675,0.04774396977936662,-12.846450508927612,-12.846450508927612
16,8,8,8,8,8,8,8,8,8,8,8,8,8,8,8,8,8,8,8,8,8,8,8,8,8,8,8,8,8,8,16,8,8,16,8,8,87.2,87.49904646390675,0.04774396977936662,-12.846450508927612,-12.846450508927612
16,8,8,8,8,8,8,8,8,8,8,8,8,8,8,8,8,8,8,8,8,8,8,8,8,8,8,8,8,8,8,8,8,8,16,4,2,87.5,87.50001191920116,0.051374726580610625,-12.354127255988956,-11.591394158665624
16,8,8,8,8,8,8,8,8,8,8,8,8,8,8,8,8,8,8,8,8,8,8,8,8,8,8,8,8,8,8,16,8,4,16,8,8,87.55,87.69433065580398,0.21976751023444338,-12.354127255988956,-12.360637751414135
16,8,8,8,8,8,8,8,8,8,8,8,8,8,8,8,8,8,8,8,8,8,8,8,8,8,8,8,8,8,8,16,8,4,16,8,8,87.6,87.69433065580398,0.21976751023444338,-12.354127255988956,-12.354656841459217
16,8,8,8,8,8,8,8,8,8,8,8,8,8,8,8,8,8,8,8,8,8,8,8,8,8,8,8,8,8,8,16,8,4,16,8,8,87.65,87.69433065580398,0.21976751023444338,-12.354127255988956,-12.360637751414135
16,8,8,8,8,8,8,8,8,8,8,8,8,8,8,8,8,8,8,8,8,8,8,8,8,8,8,8,8,4,8,16,8,4,16,16,8,87.75,87.88918575645926,0.4572610023805907,-11.927370762780969,-11.928781040440432
16,8,8,8,8,8,8,8,8,8,8,8,8,8,8,8,8,8,8,8,8,8,8,8,8,8,8,8,8,4,8,16,8,4,16,8,8,87.7,87.88961484770121,0.4572628806781683,-11.919902451362,-11.928781040440432
16,8,8,8,8,8,8,8,8,8,8,8,8,8,8,8,8,8,8,8,8,8,8,8,8,8,8,8,8,4,8,16,8,4,16,8,8,87.8,87.88961484770121,0.4572628806781683,-11.919902451362,-11.928781040440432
16,8,8,8,8,8,8,8,8,8,8,8,8,8,8,8,8,8,8,8,8,8,8,8,8,8,8,8,8,4,8,16,8,4,16,8,8,87.85,87.88961484770121,0.4572628806781683,-11.919902451362,-11.928781040440432
16,8,8,8,8,8,8,8,8,8,8,8,8,8,8,8,8,8,8,8,8,8,8,8,8,8,8,8,8,4,8,16,4,4,16,8,16,87.9,88.08446994835649,0.6987258213583817,-11.419914747124926,-11.421479183408266
16,8,8,8,8,8,8,8,8,8,8,8,8,8,8,8,8,8,8,8,8,8,8,8,8,8,8,8,8,4,8,16,4,4,16,16,8,88.0,88.08446994835649,0.6987241785437459,-11.419914747124926,-11.421479183408266
16,8,8,8,8,8,8,8,8,8,8,8,8,8,8,8,8,8,8,8,8,8,8,8,8,8,8,8,8,4,8,16,4,4,16,8,8,88.05,88.08489903959844,0.6987260568413234,-11.410400999522533,-11.421479183408266
16,8,8,8,8,8,8,8,8,8,8,8,8,8,8,8,8,8,8,8,8,8,8,8,8,8,8,8,8,4,8,16,4,4,16,8,8,87.95,88.08489903959844,0.6987260568413234,-11.410400999522533,-11.421479183408266
16,8,8,8,8,8,8,8,8,8,8,8,8,8,8,8,8,8,8,8,8,8,8,8,8,8,8,8,8,4,4,16,4,4,16,16,8,88.15,88.27975414025371,0.9611665991854849,-11.0703430334393,-11.07251371860152
16,8,8,8,8,8,8,8,8,8,8,8,8,8,8,8,8,8,8,8,8,8,8,8,8,8,8,8,8,4,4,16,4,4,16,8,16,88.2,88.27975414025371,0.9611682420001206,-11.064511030932849,-11.064511030932849
16,8,8,8,8,8,8,8,8,8,8,8,8,8,8,8,8,8,8,8,8,8,8,8,8,8,8,8,8,4,4,16,4,4,16,8,8,88.1,88.28018323149568,0.9611684774830623,-11.062295001955022,-11.07251371860152
16,8,8,8,8,8,8,8,8,8,8,8,8,8,8,8,8,8,8,8,8,8,8,8,8,8,8,8,8,4,4,16,4,4,16,8,8,88.25,88.28018323149568,0.9611684774830623,-11.062295001955022,-11.07251371860152
16,8,8,8,8,8,8,8,8,8,8,8,8,8,8,8,8,8,8,8,8,8,8,8,8,8,8,8,4,4,4,16,4,4,16,16,8,88.45,88.47503833215094,1.2302483813343832,-10.844471793883383,-10.846272106715539
16,8,8,8,8,8,8,8,8,8,8,8,8,8,8,8,8,8,8,8,8,8,8,8,8,8,8,8,4,4,4,16,4,4,16,8,8,88.3,88.4754674233929,1.2302502596319609,-10.83467135927795,-10.846272106715539
16,8,8,8,8,8,8,8,8,8,8,8,8,8,8,8,8,8,8,8,8,8,8,8,8,8,8,8,4,4,4,16,4,4,16,8,8,88.35,88.4754674233929,1.2302502596319609,-10.83467135927795,-10.846272106715539
16,8,8,8,8,8,8,8,8,8,8,8,8,8,8,8,8,8,8,8,8,8,8,8,8,8,8,8,4,4,4,16,4,4,16,8,8,88.4,88.4754674233929,1.2302502596319609,-10.83467135927795,-10.846272106715539
16,8,8,8,8,8,8,8,8,8,8,8,8,8,8,8,8,8,8,8,8,8,8,8,4,8,8,8,4,4,4,16,4,4,16,16,8,88.55,88.67032252404819,1.5057742775336267,-10.588867170896773,-10.591471364645681
16,8,8,8,8,8,8,8,8,8,8,8,8,8,8,8,8,8,8,8,8,8,8,8,4,8,8,8,4,4,4,16,4,4,16,8,16,88.6,88.67032252404819,1.5057759203482628,-10.588867170896773,-10.581773465113661
16,8,8,8,8,8,8,8,8,8,8,8,8,8,8,8,8,8,8,8,8,8,8,8,4,8,8,8,4,4,4,16,4,4,16,16,8,88.65,88.67032252404819,1.5057742775336267,-10.588867170896773,-10.588867170896773
16,8,8,8,8,8,8,8,8,8,8,8,8,8,8,8,8,8,8,8,8,8,8,8,4,8,8,8,4,4,4,16,4,4,16,8,8,88.5,88.67075161529014,1.5057761558312044,-10.579192390525396,-10.591471364645681
16,8,8,8,8,8,8,8,8,8,8,8,8,8,8,8,8,8,8,8,8,8,8,8,4,8,8,4,4,4,4,16,4,4,16,16,8,88.75,88.8656067159454,1.786141111139311,-10.423205116427429,-10.425618647451769
16,8,8,8,8,8,8,8,8,8,8,8,8,8,8,8,8,8,8,8,8,8,8,8,4,8,8,4,4,4,4,16,4,4,16,16,8,88.8,88.8656067159454,1.786141111139311,-10.423205116427429,-10.416916825134262
16,8,8,8,8,8,8,8,8,8,8,8,8,8,8,8,8,8,8,8,8,8,8,8,4,8,8,4,4,4,4,16,4,4,16,16,8,88.7,88.8656067159454,1.786141111139311,-10.423205116427429,-10.425618647451769
16,8,8,8,8,8,8,8,8,8,8,8,8,8,8,8,8,8,8,8,8,8,8,8,4,8,8,4,4,4,4,16,4,4,16,8,8,88.85,88.86603580718737,1.7861429894368888,-10.414489509867293,-10.425618647451769
16,8,8,8,8,8,8,8,8,8,8,8,8,8,8,8,8,8,8,8,8,8,8,8,4,8,4,4,4,4,4,16,4,4,16,16,8,88.9,89.06089090784263,2.076547712129844,-10.025880297991755,-10.028521578500392
16,8,8,8,8,8,8,8,8,8,8,8,8,8,8,8,8,8,8,8,8,8,8,8,4,8,4,4,4,4,4,16,4,4,16,16,8,89.0,89.06089090784263,2.076547712129844,-10.025880297991755,-10.028521578500392
16,8,8,8,8,8,8,8,8,8,8,8,8,8,8,8,8,8,8,8,8,8,8,8,4,8,4,4,4,4,4,16,4,4,16,8,8,88.95,89.0613199990846,2.0765495904274216,-10.014203049812728,-10.028521578500392
16,8,8,8,8,8,8,8,8,8,8,8,8,8,8,8,8,8,8,8,8,8,8,8,4,8,4,4,4,4,4,16,4,4,16,8,8,89.05,89.0613199990846,2.0765495904274216,-10.014203049812728,-10.028521578500392
16,8,8,8,8,8,8,8,8,8,8,8,8,8,8,8,8,8,8,8,8,8,8,8,4,4,4,4,4,4,4,16,4,4,16,16,8,89.1,89.25617509973988,2.368054147218322,-9.841880672774938,-9.844584750699894
16,8,8,8,8,8,8,8,8,8,8,8,8,8,8,8,8,8,8,8,8,8,8,8,4,4,4,4,4,4,4,16,4,4,16,16,8,89.15,89.25617509973988,2.368054147218322,-9.841880672774938,-9.844584750699894
16,8,8,8,8,8,8,8,8,8,8,8,8,8,8,8,8,8,8,8,8,8,8,8,4,4,4,4,4,4,4,16,4,4,16,16,8,89.2,89.25617509973988,2.368054147218322,-9.841880672774938,-9.834419629383632
16,8,8,8,8,8,8,8,8,8,8,8,8,8,8,8,8,8,8,8,8,8,8,8,4,4,4,4,4,4,4,16,4,4,16,16,8,89.25,89.25617509973988,2.368054147218322,-9.841880672774938,-9.834419629383632
16,8,8,8,8,8,8,8,8,8,8,8,8,8,8,8,8,8,8,8,8,8,8,4,4,4,4,4,4,4,4,16,4,4,16,16,8,89.3,89.45145929163711,2.6669332468996636,-9.629878667305473,-9.632403892463962
16,8,8,8,8,8,8,8,8,8,8,8,8,8,8,8,8,8,8,8,8,8,8,4,4,4,4,4,4,4,4,16,4,4,16,16,8,89.35,89.45145929163711,2.6669332468996636,-9.629878667305473,-9.632403892463962
16,8,8,8,8,8,8,8,8,8,8,8,8,8,8,8,8,8,8,8,8,8,8,4,4,4,4,4,4,4,4,16,4,4,16,16,8,89.4,89.45145929163711,2.6669332468996636,-9.629878667305473,-9.632403892463962
16,8,8,8,8,8,8,8,8,8,8,8,8,8,8,8,8,8,8,8,8,8,8,4,4,4,4,4,4,4,4,16,4,4,16,8,8,89.45,89.45188838287908,2.666935125197241,-9.620360654994458,-9.62293694722796
16,8,8,8,8,8,8,8,8,8,8,8,8,8,8,8,8,8,8,8,8,4,8,4,4,4,4,4,4,4,4,16,4,4,16,16,8,89.6,89.64674348353434,2.980774021416698,-9.390540597161817,-9.380568303557588
16,8,8,8,8,8,8,8,8,8,8,8,8,8,8,8,8,8,8,8,8,4,8,4,4,4,4,4,4,4,4,16,4,4,16,16,8,89.5,89.64674348353434,2.980774021416698,-9.390540597161817,-9.39361679414823
16,8,8,8,8,8,8,8,8,8,8,8,8,8,8,8,8,8,8,8,8,4,8,4,4,4,4,4,4,4,4,16,4,4,16,16,8,89.55,89.64674348353434,2.980774021416698,-9.390540597161817,-9.380568303557588
16,8,8,8,8,8,8,8,8,8,8,8,8,8,8,8,8,8,8,8,8,4,4,4,4,4,4,4,4,4,4,16,4,4,16,16,8,89.65,89.84202767543157,3.2950983465984107,-9.225984679191146,-9.186145589437158
16,8,8,8,8,8,8,8,8,8,8,8,8,8,8,8,8,8,8,8,8,4,4,4,4,4,4,4,4,4,4,16,4,4,16,16,8,89.7,89.84202767543157,3.2950983465984107,-9.225984679191146,-9.21919796950293
16,8,8,8,8,8,8,8,8,8,8,8,8,8,8,8,8,8,8,8,8,4,4,4,4,4,4,4,4,4,4,16,4,4,16,16,8,89.8,89.84202767543157,3.2950983465984107,-9.225984679191146,-9.21919796950293
16,8,8,8,8,8,8,8,8,8,8,8,8,8,8,8,8,8,8,8,8,4,4,4,4,4,4,4,4,4,4,16,4,4,16,8,8,89.75,89.84245676667354,3.295100224895988,-9.215988270884749,-9.215988270884749
16,8,8,8,8,8,8,8,8,8,8,8,8,8,8,8,8,8,8,8,4,4,4,4,4,4,4,4,4,4,4,16,4,4,16,16,8,89.85,90.03731186732881,3.632756966910299,-9.056671618482103,-9.060535225906088
16,8,8,8,8,8,8,8,8,8,8,8,8,8,8,8,8,8,8,8,4,4,4,4,4,4,4,4,4,4,4,16,4,4,16,16,8,89.9,90.03731186732881,3.632756966910299,-9.056671618482103,-9.060535225906088
16,8,8,8,8,8,8,8,8,8,8,8,8,8,8,8,8,8,8,8,4,4,4,4,4,4,4,4,4,4,4,16,4,4,16,16,8,89.95,90.03731186732881,3.632756966910299,-9.056671618482103,-9.060535225906088
16,8,8,8,8,8,8,8,8,8,8,8,8,8,8,8,8,8,8,8,4,4,4,4,4,4,4,4,4,4,4,16,4,4,16,16,8,90.0,90.03731186732881,3.632756966910299,-9.056671618482103,-9.050336489226753
16,8,8,8,8,8,8,8,8,8,8,8,8,8,8,8,8,8,4,8,4,4,4,4,4,4,4,4,4,4,4,16,4,4,16,16,8,90.2,90.23259605922604,3.977047716149225,-8.969572584515005,-8.96311370653221
16,8,8,8,8,8,8,8,8,8,8,8,8,8,8,8,8,8,4,8,4,4,4,4,4,4,4,4,4,4,4,16,4,4,16,16,8,90.05,90.23259605922604,3.977047716149225,-8.969572584515005,-8.973234088206903
16,8,8,8,8,8,8,8,8,8,8,8,8,8,8,8,8,8,4,8,4,4,4,4,4,4,4,4,4,4,4,16,4,4,16,8,16,90.1,90.23259605922604,3.9770493589638605,-8.969572584515005,-8.973234088206903
16,8,8,8,8,8,8,8,8,8,8,8,8,8,8,8,8,8,4,8,4,4,4,4,4,4,4,4,4,4,4,16,4,4,16,16,8,90.15,90.23259605922604,3.977047716149225,-8.969572584515005,-8.973234088206903
16,8,8,8,8,8,8,8,8,8,8,8,8,8,8,8,8,8,4,4,4,4,4,4,4,4,4,4,4,4,4,16,4,4,16,16,8,90.4,90.42788025112327,4.334152621543771,-8.77248286366898,-8.766075282304126
16,8,8,8,8,8,8,8,8,8,8,8,8,8,8,8,8,8,4,4,4,4,4,4,4,4,4,4,4,4,4,16,4,4,16,16,8,90.25,90.42788025112327,4.334152621543771,-8.77248286366898,-8.776138271166031
16,8,8,8,8,8,8,8,8,8,8,8,8,8,8,8,8,8,4,4,4,4,4,4,4,4,4,4,4,4,4,16,4,4,16,8,8,90.35,90.42830934236522,4.334154499841348,-8.762425208131008,-8.766075282304126
16,8,8,8,8,8,8,8,8,8,8,8,8,8,8,8,8,8,4,4,4,4,4,4,4,4,4,4,4,4,4,16,4,4,16,8,8,90.3,90.42830934236522,4.334154499841348,-8.762425208131008,-8.776138271166031
16,8,8,8,8,8,8,8,8,8,8,8,8,8,8,8,4,8,4,4,4,4,4,4,4,4,4,4,4,4,4,16,4,4,16,16,16,90.45,90.62273535177854,4.6972294969621124,-8.566420822755214,-8.566420822755214
16,8,8,8,8,8,8,8,8,8,8,8,8,8,8,8,4,8,4,4,4,4,4,4,4,4,4,4,4,4,4,16,4,4,16,16,16,90.6,90.62273535177854,4.6972294969621124,-8.566420822755214,-8.566420822755214
16,8,8,8,8,8,8,8,8,8,8,8,8,8,8,8,4,8,4,4,4,4,4,4,4,4,4,4,4,4,4,16,4,4,16,16,8,90.55,90.6231644430205,4.697229732445054,-8.563082991537962,-8.557555978676142
16,8,8,8,8,8,8,8,8,8,8,8,8,8,8,8,4,8,4,4,4,4,4,4,4,4,4,4,4,4,4,16,4,4,16,8,8,90.5,90.62359353426245,4.697231610742631,-8.55422965554244,-8.55422965554244
16,8,8,8,8,8,8,8,8,8,8,8,8,8,8,8,4,4,4,4,4,4,4,4,4,4,4,4,4,4,4,16,4,4,16,16,8,90.75,90.81844863491773,5.076255003818022,-8.352208436200817,-8.345962129264885
16,8,8,8,8,8,8,8,8,8,8,8,8,8,8,8,4,4,4,4,4,4,4,4,4,4,4,4,4,4,4,16,4,4,16,16,8,90.65,90.81844863491773,5.076255003818022,-8.352208436200817,-8.355703332962447
16,8,8,8,8,8,8,8,8,8,8,8,8,8,8,8,4,4,4,4,4,4,4,4,4,4,4,4,4,4,4,16,4,4,16,16,8,90.7,90.81844863491773,5.076255003818022,-8.352208436200817,-8.352208436200817
16,8,8,8,8,8,8,8,8,8,8,8,8,8,8,8,4,4,4,4,4,4,4,4,4,4,4,4,4,4,4,16,4,4,16,16,8,90.8,90.81844863491773,5.076255003818022,-8.352208436200817,-8.355703332962447
16,8,8,8,8,8,8,8,8,8,8,8,8,8,8,4,4,4,4,4,4,4,4,4,4,4,4,4,4,4,4,16,4,4,16,16,16,90.85,91.013303735573,5.457652587597973,-8.207662736868217,-8.207662736868217
16,8,8,8,8,8,8,8,8,8,8,8,8,8,8,4,4,4,4,4,4,4,4,4,4,4,4,4,4,4,4,16,4,4,16,16,8,90.95,91.01373282681496,5.457652823080915,-8.204189299759808,-8.162944470225654
16,8,8,8,8,8,8,8,8,8,8,8,8,8,8,4,4,4,4,4,4,4,4,4,4,4,4,4,4,4,4,16,4,4,16,16,8,90.9,91.01373282681496,5.457652823080915,-8.204189299759808,-8.207662736868217
16,8,8,8,8,8,8,8,8,8,8,8,8,8,8,4,4,4,4,4,4,4,4,4,4,4,4,4,4,4,4,16,4,4,16,8,8,91.0,91.01416191805693,5.457654701378492,-8.19372308118514,-8.197221126996626
16,8,8,8,8,8,8,8,8,8,8,8,4,8,8,4,4,4,4,4,4,4,4,4,4,4,4,4,4,4,4,16,4,4,16,16,8,91.05,91.20901701871219,5.839778527283796,-8.04251520382852,-8.04635219258968
16,8,8,8,8,8,8,8,8,8,8,8,4,8,8,4,4,4,4,4,4,4,4,4,4,4,4,4,4,4,4,16,4,4,16,16,8,91.1,91.20901701871219,5.839778527283796,-8.04251520382852,-8.04635219258968
16,8,8,8,8,8,8,8,8,8,8,8,4,8,8,4,4,4,4,4,4,4,4,4,4,4,4,4,4,4,4,16,4,4,16,16,8,91.15,91.20901701871219,5.839778527283796,-8.04251520382852,-8.04635219258968
16,8,8,8,8,8,8,8,8,8,8,8,4,8,8,4,4,4,4,4,4,4,4,4,4,4,4,4,4,4,4,16,4,4,16,16,8,91.2,91.20901701871219,5.839778527283796,-8.04251520382852,-8.035137321575007
16,8,8,8,8,8,8,8,8,8,8,4,4,8,8,4,4,4,4,4,4,4,4,4,4,4,4,4,4,4,4,16,4,4,16,8,8,91.25,91.40473030185139,6.224041420089958,-7.966468057024464,-7.982566725190311
16,8,8,8,8,8,8,8,8,8,8,4,4,8,8,4,4,4,4,4,4,4,4,4,4,4,4,4,4,4,4,16,4,4,16,8,8,91.3,91.40473030185139,6.224041420089958,-7.966468057024464,-7.982566725190311
16,8,8,8,8,8,8,8,8,8,8,4,4,8,8,4,4,4,4,4,4,4,4,4,4,4,4,4,4,4,4,16,4,4,16,8,8,91.35,91.40473030185139,6.224041420089958,-7.966468057024464,-7.970316295844711
16,8,8,8,8,8,8,8,8,8,8,4,4,8,8,4,4,4,4,4,4,4,4,4,4,4,4,4,4,4,4,16,4,4,16,8,8,91.4,91.40473030185139,6.224041420089958,-7.966468057024464,-7.970316295844711
16,8,8,8,8,8,8,8,8,8,8,4,4,4,8,4,4,4,4,4,4,4,4,4,4,4,4,4,4,4,4,16,4,4,16,8,8,91.45,91.60001449374862,6.615624839240744,-7.9024515209379835,-7.917684822363925
16,8,8,8,8,8,8,8,8,8,8,4,4,4,8,4,4,4,4,4,4,4,4,4,4,4,4,4,4,4,4,16,4,4,16,8,8,91.5,91.60001449374862,6.615624839240744,-7.9024515209379835,-7.868614271844915
16,8,8,8,8,8,8,8,8,8,8,4,4,4,8,4,4,4,4,4,4,4,4,4,4,4,4,4,4,4,4,16,4,4,16,8,8,91.55,91.60001449374862,6.615624839240744,-7.9024515209379835,-7.917684822363925
16,8,8,8,8,8,8,8,8,8,8,4,4,4,8,4,4,4,4,4,4,4,4,4,4,4,4,4,4,4,4,16,4,4,16,8,8,91.6,91.60001449374862,6.615624839240744,-7.9024515209379835,-7.9024515209379835
16,8,8,8,8,8,8,8,8,8,8,4,4,4,4,4,4,4,4,4,4,4,4,4,4,4,4,4,4,4,4,16,4,4,16,8,8,91.75,91.79529868564585,7.027154996918382,-7.754252673032803,-7.769717844152887
16,8,8,8,8,8,8,8,8,8,8,4,4,4,4,4,4,4,4,4,4,4,4,4,4,4,4,4,4,4,4,16,4,4,16,8,8,91.7,91.79529868564585,7.027154996918382,-7.754252673032803,-7.716980149448595
16,8,8,8,8,8,8,8,8,8,8,4,4,4,4,4,4,4,4,4,4,4,4,4,4,4,4,4,4,4,4,16,4,4,16,8,8,91.65,91.79529868564585,7.027154996918382,-7.754252673032803,-7.769717844152887
16,8,8,8,8,8,8,8,8,8,4,4,4,4,4,4,4,4,4,4,4,4,4,4,4,4,4,4,4,4,4,16,4,4,16,8,8,91.8,91.99058287754308,7.439864645128644,-7.567088005290429,-7.583573147932659
16,8,8,8,8,8,8,8,8,8,4,4,4,4,4,4,4,4,4,4,4,4,4,4,4,4,4,4,4,4,4,16,4,4,16,8,8,91.85,91.99058287754308,7.439864645128644,-7.567088005290429,-7.583573147932659
16,8,8,8,8,8,8,8,8,8,4,4,4,4,4,4,4,4,4,4,4,4,4,4,4,4,4,4,4,4,4,16,4,4,16,8,8,91.9,91.99058287754308,7.439864645128644,-7.567088005290429,-7.5797168644442605
16,8,8,8,8,8,8,8,8,8,4,4,4,4,4,4,4,4,4,4,4,4,4,4,4,4,4,4,4,4,4,16,4,4,16,8,8,91.95,91.99058287754308,7.439864645128644,-7.567088005290429,-7.583573147932659
16,8,8,8,8,8,8,8,8,4,4,4,4,4,4,4,4,4,4,4,4,4,4,4,4,4,4,4,4,4,4,16,4,4,16,8,8,92.0,92.1858670694403,7.915518345302871,-7.383642196325949,-7.400523703762691
16,8,8,8,8,8,8,8,8,4,4,4,4,4,4,4,4,4,4,4,4,4,4,4,4,4,4,4,4,4,4,16,4,4,16,8,8,92.05,92.1858670694403,7.915518345302871,-7.383642196325949,-7.387611004306485
16,8,8,8,8,8,8,8,8,4,4,4,4,4,4,4,4,4,4,4,4,4,4,4,4,4,4,4,4,4,4,16,4,4,16,8,8,92.1,92.1858670694403,7.915518345302871,-7.383642196325949,-7.400523703762691
16,8,8,8,8,8,8,8,8,4,4,4,4,4,4,4,4,4,4,4,4,4,4,4,4,4,4,4,4,4,4,16,4,4,16,8,8,92.15,92.1858670694403,7.915518345302871,-7.383642196325949,-7.400523703762691
16,8,8,8,8,8,8,8,4,4,4,4,4,4,4,4,4,4,4,4,4,4,4,4,4,4,4,4,4,4,4,16,4,4,16,8,8,92.2,92.38115126133755,8.416248839362641,-7.272507241963693,-7.287866391099486
16,8,8,8,8,8,8,8,4,4,4,4,4,4,4,4,4,4,4,4,4,4,4,4,4,4,4,4,4,4,4,16,4,4,16,8,8,92.25,92.38115126133755,8.416248839362641,-7.272507241963693,-7.2762596219364735
16,8,8,8,8,8,8,8,4,4,4,4,4,4,4,4,4,4,4,4,4,4,4,4,4,4,4,4,4,4,4,16,4,4,16,8,8,92.3,92.38115126133755,8.416248839362641,-7.272507241963693,-7.284138458019723
16,8,8,8,8,8,8,8,4,4,4,4,4,4,4,4,4,4,4,4,4,4,4,4,4,4,4,4,4,4,4,16,4,4,16,8,8,92.35,92.38115126133755,8.416248839362641,-7.272507241963693,-7.287866391099486
16,8,8,8,8,8,4,8,4,4,4,4,4,4,4,4,4,4,4,4,4,4,4,4,4,4,4,4,4,4,4,16,4,4,16,8,8,92.55,92.57643545323478,8.917539950208731,-7.190766218529745,-7.205305143232591
16,8,8,8,8,8,4,8,4,4,4,4,4,4,4,4,4,4,4,4,4,4,4,4,4,4,4,4,4,4,4,16,4,4,16,8,8,92.5,92.57643545323478,8.917539950208731,-7.190766218529745,-7.205305143232591
16,8,8,8,8,8,4,8,4,4,4,4,4,4,4,4,4,4,4,4,4,4,4,4,4,4,4,4,4,4,4,16,4,4,16,8,8,92.4,92.57643545323478,8.917539950208731,-7.190766218529745,-7.194310208610574
16,8,8,8,8,8,4,8,4,4,4,4,4,4,4,4,4,4,4,4,4,4,4,4,4,4,4,4,4,4,4,16,4,4,16,8,8,92.45,92.57643545323478,8.917539950208731,-7.190766218529745,-7.194310208610574
16,8,8,8,8,4,4,8,4,4,4,4,4,4,4,4,4,4,4,4,4,4,4,4,4,4,4,4,4,4,4,16,4,4,16,8,8,92.6,92.77171964513201,9.422085821781106,-7.105573586393148,-7.109084647795209
16,8,8,8,8,4,4,8,4,4,4,4,4,4,4,4,4,4,4,4,4,4,4,4,4,4,4,4,4,4,4,16,4,4,16,8,8,92.65,92.77171964513201,9.422085821781106,-7.105573586393148,-7.109084647795209
16,8,8,8,8,4,4,8,4,4,4,4,4,4,4,4,4,4,4,4,4,4,4,4,4,4,4,4,4,4,4,16,4,4,16,8,8,92.7,92.77171964513201,9.422085821781106,-7.105573586393148,-7.119853399804203
16,8,8,8,8,4,4,8,4,4,4,4,4,4,4,4,4,4,4,4,4,4,4,4,4,4,4,4,4,4,4,16,4,4,16,8,8,92.75,92.77171964513201,9.422085821781106,-7.105573586393148,-7.119853399804203
16,8,8,8,4,4,4,8,4,4,4,4,4,4,4,4,4,4,4,4,4,4,4,4,4,4,4,4,4,4,4,16,4,4,16,8,8,92.8,92.96700383702924,9.947088838260491,-6.904488629416577,-6.918936856600322
16,8,8,8,4,4,4,8,4,4,4,4,4,4,4,4,4,4,4,4,4,4,4,4,4,4,4,4,4,4,4,16,4,4,16,8,8,92.85,92.96700383702924,9.947088838260491,-6.904488629416577,-6.918936856600322
16,8,8,8,4,4,4,8,4,4,4,4,4,4,4,4,4,4,4,4,4,4,4,4,4,4,4,4,4,4,4,16,4,4,16,8,8,92.9,92.96700383702924,9.947088838260491,-6.904488629416577,-6.90788942212407
16,8,8,8,4,4,4,8,4,4,4,4,4,4,4,4,4,4,4,4,4,4,4,4,4,4,4,4,4,4,4,16,4,4,16,8,8,92.95,92.96700383702924,9.947088838260491,-6.904488629416577,-6.90788942212407
16,8,8,8,4,4,4,4,4,4,4,4,4,4,4,4,4,4,4,4,4,4,4,4,4,4,4,4,4,4,4,16,4,4,16,8,8,93.15,93.16228802892648,10.496023638692169,-6.781339738535275,-6.796476537589561
16,8,8,8,4,4,4,4,4,4,4,4,4,4,4,4,4,4,4,4,4,4,4,4,4,4,4,4,4,4,4,16,4,4,16,8,8,93.1,93.16228802892648,10.496023638692169,-6.781339738535275,-6.796476537589561
16,8,8,8,4,4,4,4,4,4,4,4,4,4,4,4,4,4,4,4,4,4,4,4,4,4,4,4,4,4,4,16,4,4,16,8,8,93.0,93.16228802892648,10.496023638692169,-6.781339738535275,-6.78479776388654
16,8,8,8,4,4,4,4,4,4,4,4,4,4,4,4,4,4,4,4,4,4,4,4,4,4,4,4,4,4,4,16,4,4,16,8,8,93.05,93.16228802892648,10.496023638692169,-6.781339738535275,-6.78479776388654
16,8,8,4,4,4,4,4,4,4,4,4,4,4,4,4,4,4,4,4,4,4,4,4,4,4,4,4,4,4,4,16,4,4,16,8,8,93.2,93.3575722208237,11.063484864462282,-6.698554557705284,-6.7019012001914104
16,8,8,4,4,4,4,4,4,4,4,4,4,4,4,4,4,4,4,4,4,4,4,4,4,4,4,4,4,4,4,16,4,4,16,8,8,93.25,93.3575722208237,11.063484864462282,-6.698554557705284,-6.7019012001914104
16,8,8,4,4,4,4,4,4,4,4,4,4,4,4,4,4,4,4,4,4,4,4,4,4,4,4,4,4,4,4,16,4,4,16,8,8,93.3,93.3575722208237,11.063484864462282,-6.698554557705284,-6.713939129433037
16,8,8,4,4,4,4,4,4,4,4,4,4,4,4,4,4,4,4,4,4,4,4,4,4,4,4,4,4,4,4,16,4,4,16,8,8,93.35,93.3575722208237,11.063484864462282,-6.698554557705284,-6.713939129433037
16,8,4,4,4,4,4,4,4,4,4,4,4,4,4,4,4,4,4,4,4,4,4,4,4,4,4,4,4,4,4,16,4,4,16,16,8,93.5,93.55242732147897,11.688171940529589,-6.586126233699766,-6.589444316212387
16,8,4,4,4,4,4,4,4,4,4,4,4,4,4,4,4,4,4,4,4,4,4,4,4,4,4,4,4,4,4,16,4,4,16,8,8,93.4,93.55285641272093,11.688173818827167,-6.5740150422824595,-6.589444316212387
16,8,4,4,4,4,4,4,4,4,4,4,4,4,4,4,4,4,4,4,4,4,4,4,4,4,4,4,4,4,4,16,4,4,16,8,8,93.45,93.55285641272093,11.688173818827167,-6.5740150422824595,-6.589444316212387
16,8,4,4,4,4,4,4,4,4,4,4,4,4,4,4,4,4,4,4,4,4,4,4,4,4,4,4,4,4,4,16,4,4,16,8,8,93.55,93.55285641272093,11.688173818827167,-6.5740150422824595,-6.589444316212387
16,4,4,4,4,4,4,4,4,4,4,4,4,4,4,4,4,4,4,4,4,4,4,4,4,4,4,4,4,4,4,16,4,4,8,16,16,93.65,93.74737777574357,13.749106314000732,-5.123429067679554,-5.17407141129415
16,4,4,4,4,4,4,4,4,4,4,4,4,4,4,4,4,4,4,4,4,4,4,4,4,4,4,4,4,4,4,16,4,4,8,16,16,93.7,93.74737777574357,13.749106314000732,-5.123429067679554,-5.17407141129415
16,4,4,4,4,4,4,4,4,4,4,4,4,4,4,4,4,4,4,4,4,4,4,4,4,4,4,4,4,4,4,16,4,4,8,16,4,93.6,93.7480214126065,13.749170395181835,-5.106028410855478,-5.17407141129415
16,4,4,4,4,4,4,4,4,4,4,4,4,4,4,4,4,4,4,4,4,4,4,4,4,4,4,4,4,4,4,16,4,2,8,16,16,93.75,93.84501987169219,16.934434906753967,-4.740873079891632,-0.9712590602298552
16,4,4,4,4,4,4,4,4,4,4,4,4,4,4,4,4,4,4,4,4,4,4,4,4,4,4,4,4,4,4,16,4,2,8,16,16,93.8,93.84501987169219,16.934434906753967,-4.740873079891632,-4.790058773982391
16,4,4,4,4,4,4,4,4,4,4,4,4,4,4,4,4,4,4,4,4,4,4,4,4,4,4,4,4,4,4,16,2,2,8,16,16,93.9,93.94266196764079,21.319430092792945,-4.216056796177428,-4.283825446238267
16,4,4,4,4,4,4,4,4,4,4,4,4,4,4,4,4,4,4,4,4,4,4,4,4,4,4,4,4,4,4,16,2,2,8,16,16,93.85,93.94266196764079,21.319430092792945,-4.216056796177428,-4.283825446238267
16,4,4,4,4,4,4,4,4,4,4,4,4,4,4,4,4,4,4,4,4,4,4,4,4,4,4,4,4,4,2,16,2,2,8,16,16,93.95,94.04030406358942,25.85532954238624,-3.8628430820181245,-3.9545312822625767
16,4,4,4,4,4,4,4,4,4,4,4,4,4,4,4,4,4,4,4,4,4,4,4,4,4,4,4,4,4,2,16,2,2,8,8,4,94.0,94.04137679169432,25.85539550186492,-3.814735269370147,-3.9545312822625767
16,4,4,4,4,4,4,4,4,4,4,4,4,4,4,4,4,4,4,4,4,4,4,4,4,4,4,4,4,2,2,16,2,2,8,16,16,94.05,94.13794615953803,30.486269862994735,-3.4397455761141926,-3.5438910731228774
16,4,4,4,4,4,4,4,4,4,4,4,4,4,4,4,4,4,4,4,4,4,4,4,4,4,4,4,4,2,2,16,2,2,8,16,16,94.1,94.13794615953803,30.486269862994735,-3.4397455761141926,-3.5438910731228774
16,4,4,4,4,4,4,4,4,4,4,4,4,4,4,4,4,4,4,4,4,4,4,4,4,4,4,4,2,2,2,16,2,2,8,16,16,94.15,94.23558825548665,35.3521511686251,-3.1538111736034957,-3.2633672712955217
16,4,4,4,4,4,4,4,4,4,4,4,4,4,4,4,4,4,4,4,4,4,4,4,4,4,4,4,2,2,2,16,2,2,8,16,8,94.2,94.2360173467286,35.352151404108035,-3.1538111736034957,-3.2633672712955217
16,4,4,4,4,4,4,4,4,4,4,4,4,4,4,4,4,4,4,4,4,4,4,4,4,4,4,2,2,2,2,16,2,2,8,16,16,94.25,94.33323035143526,40.42553026002993,-2.8854979341685043,-2.996101524044929
16,4,4,4,4,4,4,4,4,4,4,4,4,4,4,4,4,4,4,4,4,4,4,4,4,4,4,2,2,2,2,16,2,2,8,16,8,94.3,94.33365944267722,40.42553049551287,-2.885409416637317,-2.996101524044929
16,4,4,4,4,4,4,4,4,4,4,4,4,4,4,4,4,4,4,4,4,4,4,4,4,4,2,2,2,2,2,16,2,2,8,16,16,94.4,94.43087244738388,45.5427024343102,-2.666096950648116,-2.7810755685266737
16,4,4,4,4,4,4,4,4,4,4,4,4,4,4,4,4,4,4,4,4,4,4,4,4,4,2,2,2,2,2,16,2,2,8,16,8,94.35,94.43130153862585,45.54270266979314,-2.665891809370495,-2.7810755685266737
16,4,4,4,4,4,4,4,4,4,4,4,4,4,4,4,4,4,4,4,4,4,4,4,4,2,2,2,2,2,2,16,2,2,8,16,16,94.45,94.52851454333249,50.91698010287052,-2.4704537331974246,-2.5875029397127807
16,4,4,4,4,4,4,4,4,4,4,4,4,4,4,4,4,4,4,4,4,4,4,4,4,2,2,2,2,2,2,16,2,2,8,16,16,94.5,94.52851454333249,50.91698010287052,-2.4704537331974246,-2.5875029397127807
16,4,4,4,4,4,4,4,4,4,4,4,4,4,4,4,4,4,4,4,4,4,4,4,2,2,2,2,2,2,2,16,2,2,8,16,16,94.55,94.6261566392811,56.34670159523119,-2.1347369747234954,-2.2601526766261664
16,4,4,4,4,4,4,4,4,4,4,4,4,4,4,4,4,4,4,4,4,4,4,4,2,2,2,2,2,2,2,16,2,2,8,16,8,94.6,94.62658573052308,56.346701830714125,-2.1346817542784864,-2.2601526766261664
16,4,4,4,4,4,4,4,4,4,4,4,4,4,4,4,4,4,4,4,4,4,4,2,2,2,2,2,2,2,2,16,2,2,8,16,16,94.7,94.72379873522972,61.801229511297194,-1.924893379834497,-2.0547599358975868
16,4,4,4,4,4,4,4,4,4,4,4,4,4,4,4,4,4,4,4,4,4,4,2,2,2,2,2,2,2,2,16,2,2,8,16,8,94.65,94.72422782647169,61.80122974678013,-1.924893379834497,-2.0547599358975868
16,4,4,4,4,4,4,4,4,4,4,4,4,4,4,4,4,4,4,4,4,4,2,2,2,2,2,2,2,2,2,16,2,2,8,16,16,94.8,94.82144083117834,67.76133047017359,-1.7964384721956521,-1.9277875562582139
16,4,4,4,4,4,4,4,4,4,4,4,4,4,4,4,4,4,4,4,4,4,2,2,2,2,2,2,2,2,2,16,2,2,8,16,8,94.75,94.8218699224203,67.76133070565653,-1.7964384721956521,-1.9277875562582139
16,4,4,4,4,4,4,4,4,4,4,4,4,4,4,4,4,4,4,4,4,2,2,2,2,2,2,2,2,2,2,16,2,2,8,16,16,94.85,94.91908292712696,73.78953665040862,-1.5332815196577108,-1.673866638195583
16,4,4,4,4,4,4,4,4,4,4,4,4,4,4,4,4,4,4,4,4,2,2,2,2,2,2,2,2,2,2,16,2,2,8,16,8,94.9,94.91951201836892,73.78953688589156,-1.5332815196577108,-1.673866638195583
16,4,4,4,4,4,4,4,4,4,4,4,4,4,4,4,4,4,4,4,2,2,2,2,2,2,2,2,2,2,2,16,2,2,8,16,8,94.95,95.01715411431753,80.03227552432524,-1.319068219867362,-1.4678407751124558
16,4,4,4,4,4,4,4,4,4,4,4,4,4,4,4,4,4,4,4,2,2,2,2,2,2,2,2,2,2,2,16,2,2,8,16,8,95.0,95.01715411431753,80.03227552432524,-1.319068219867362,-1.4678407751124558
16,4,4,4,4,4,4,4,4,4,4,4,4,4,4,4,4,4,4,2,2,2,2,2,2,2,2,2,2,2,2,16,2,2,8,16,16,95.05,95.1143671190242,86.47600380648926,-1.0573569226737864,-1.2153023909348735
16,4,4,4,4,4,4,4,4,4,4,4,4,4,4,4,4,4,4,2,2,2,2,2,2,2,2,2,2,2,2,16,2,2,8,16,4,95.1,95.11501075588713,86.47606788767037,-1.0188509009693125,-1.2153023909348735
16,4,4,4,4,4,4,4,4,4,4,4,4,4,4,4,4,4,2,2,2,2,2,2,2,2,2,2,2,2,2,16,2,2,8,16,8,95.15,95.21243830621476,93.04948076497189,-0.8054397854732422,-0.9605777222675894
16,4,4,4,4,4,4,4,4,4,4,4,4,4,4,4,4,4,2,2,2,2,2,2,2,2,2,2,2,2,2,16,2,2,8,16,8,95.2,95.21243830621476,93.04948076497189,-0.8054397854732422,-0.9605777222675894
16,4,4,4,4,4,4,4,4,4,4,4,4,4,4,4,4,2,2,2,2,2,2,2,2,2,2,2,2,2,2,16,2,2,8,16,16,95.25,95.30965131092142,99.71392507613766,-0.6274986341770292,-0.7853822493276069
16,4,4,4,4,4,4,4,4,4,4,4,4,4,4,4,4,2,2,2,2,2,2,2,2,2,2,2,2,2,2,16,2,2,8,16,8,95.3,95.31008040216338,99.7139253116206,-0.6274986341770292,-0.7853822493276069
16,4,4,4,4,4,4,4,4,4,4,4,4,4,4,4,2,2,2,2,2,2,2,2,2,2,2,2,2,2,2,16,2,2,8,16,8,95.4,95.40772249811201,106.50330901433901,-0.4683660420182404,-0.6227141871185197
16,4,4,4,4,4,4,4,4,4,4,4,4,4,4,4,2,2,2,2,2,2,2,2,2,2,2,2,2,2,2,16,2,2,8,16,8,95.35,95.40772249811201,106.50330901433901,-0.4683660420182404,-0.6227141871185197
16,4,4,4,4,4,4,4,4,4,4,4,4,4,4,2,2,2,2,2,2,2,2,2,2,2,2,2,2,2,2,16,2,2,8,16,8,95.45,95.50536459406061,113.39047790989272,-0.3293200355731537,-0.48578823300703877
16,4,4,4,4,4,4,4,4,4,4,4,4,4,4,2,2,2,2,2,2,2,2,2,2,2,2,2,2,2,2,16,2,2,8,16,8,95.5,95.50536459406061,113.39047790989272,-0.3293200355731537,-0.48578823300703877
16,4,4,4,4,4,4,4,4,4,4,4,4,4,2,2,2,2,2,2,2,2,2,2,2,2,2,2,2,2,2,16,2,2,8,16,16,95.55,95.60257759876727,120.30909676792442,-0.13864532380694639,-0.3056268988393475
16,4,4,4,4,4,4,4,4,4,4,4,4,4,2,2,2,2,2,2,2,2,2,2,2,2,2,2,2,2,2,16,2,2,8,16,4,95.6,95.60322123563022,120.30916084910552,-0.1017866821192648,-0.3056268988393475
16,4,4,4,4,4,4,4,4,4,4,4,4,2,2,2,2,2,2,2,2,2,2,2,2,2,2,2,2,2,2,16,2,2,8,16,8,95.65,95.70064878595784,127.41590254338637,0.03939786479551975,-0.12383400536737735
16,4,4,4,4,4,4,4,4,4,4,4,4,2,2,2,2,2,2,2,2,2,2,2,2,2,2,2,2,2,2,16,2,2,8,16,8,95.7,95.70064878595784,127.41590254338637,0.03939786479551975,-0.12383400536737735
16,4,4,4,4,4,4,4,4,4,4,4,2,2,2,2,2,2,2,2,2,2,2,2,2,2,2,2,2,2,2,16,2,2,8,16,8,95.75,95.79829088190645,134.5815542486121,0.09757060237682988,-0.06276534892255387
8,4,4,4,4,4,4,4,4,4,4,4,2,2,2,2,2,2,2,2,2,2,2,2,2,2,2,2,2,2,2,8,2,2,16,2,4,95.8,95.80001916607547,134.6362882062341,0.32564486252475544,3.026804614737473
16,4,4,4,4,4,4,4,4,4,4,2,2,2,2,2,2,2,2,2,2,2,2,2,2,2,2,2,2,2,2,16,2,2,8,16,8,95.85,95.89593297785508,141.7854203433189,0.32564486252475544,0.165227074526168
16,4,4,4,4,4,4,4,4,4,2,2,2,2,2,2,2,2,2,2,2,2,2,2,2,2,2,2,2,2,2,16,2,2,16,16,8,95.9,95.99347972019436,149.01869992627192,0.3442485516781484,0.34502177027567993
16,4,4,4,4,4,4,4,4,4,2,2,2,2,2,2,2,2,2,2,2,2,2,2,2,2,2,2,2,2,2,16,2,2,16,16,8,95.95,95.99347972019436,149.01869992627192,0.3442485516781484,0.34502177027567993
16,4,4,4,4,4,4,4,4,2,2,2,2,2,2,2,2,2,2,2,2,2,2,2,2,2,2,2,2,2,2,16,2,2,16,16,8,96.0,96.09112181614299,156.43132967819614,0.4733118175433679,0.474118774276179
16,4,4,4,4,4,4,4,4,2,2,2,2,2,2,2,2,2,2,2,2,2,2,2,2,2,2,2,2,2,2,16,2,2,16,16,8,96.05,96.09112181614299,156.43132967819614,0.4733118175433679,0.474118774276179
16,4,4,4,4,4,4,4,2,2,2,2,2,2,2,2,2,2,2,2,2,2,2,2,2,2,2,2,2,2,2,16,2,2,16,16,8,96.15,96.1887639120916,164.61596010157183,0.7116649943605223,0.7126981534492054
16,4,4,4,4,4,4,4,2,2,2,2,2,2,2,2,2,2,2,2,2,2,2,2,2,2,2,2,2,2,2,16,2,2,16,16,8,96.1,96.1887639120916,164.61596010157183,0.7116649943605223,0.7126981534492054
16,4,4,4,4,4,4,2,2,2,2,2,2,2,2,2,2,2,2,2,2,2,2,2,2,2,2,2,2,2,2,16,2,2,16,16,8,96.2,96.28640600804022,173.47037684731194,0.8341963586878913,0.8460802726318117
16,4,4,4,4,4,4,2,2,2,2,2,2,2,2,2,2,2,2,2,2,2,2,2,2,2,2,2,2,2,2,16,2,2,16,16,8,96.25,96.28640600804022,173.47037684731194,0.8341963586878913,0.8351870733403928
16,4,4,4,4,4,2,2,2,2,2,2,2,2,2,2,2,2,2,2,2,2,2,2,2,2,2,2,2,2,2,16,2,2,16,16,8,96.3,96.38404810398883,182.52831950515287,1.035983082595056,1.047574092700186
16,4,4,4,4,4,2,2,2,2,2,2,2,2,2,2,2,2,2,2,2,2,2,2,2,2,2,2,2,2,2,16,2,2,16,16,8,96.35,96.38404810398883,182.52831950515287,1.035983082595056,1.047574092700186
16,4,4,4,4,2,2,2,2,2,2,2,2,2,2,2,2,2,2,2,2,2,2,2,2,2,2,2,2,2,2,16,2,2,16,16,8,96.4,96.48169019993745,191.8237648611206,1.035983082595056,1.0369832897077267
16,4,4,4,4,2,2,2,2,2,2,2,2,2,2,2,2,2,2,2,2,2,2,2,2,2,2,2,2,2,2,16,2,2,16,16,8,96.45,96.48169019993745,191.8237648611206,1.035983082595056,1.0369832897077267
16,4,4,4,2,2,2,2,2,2,2,2,2,2,2,2,2,2,2,2,2,2,2,2,2,2,2,2,2,2,2,16,2,2,16,16,8,96.5,96.57933229588606,201.192217959128,1.169302494601962,1.1809996776576102
16,4,4,4,2,2,2,2,2,2,2,2,2,2,2,2,2,2,2,2,2,2,2,2,2,2,2,2,2,2,2,16,2,2,16,16,8,96.55,96.57933229588606,201.192217959128,1.169302494601962,1.1809996776576102
16,4,4,2,2,2,2,2,2,2,2,2,2,2,2,2,2,2,2,2,2,2,2,2,2,2,2,2,2,2,2,16,2,2,16,16,8,96.6,96.67697439183468,210.77083814388948,1.169302494601962,1.1900511219416614
16,4,4,2,2,2,2,2,2,2,2,2,2,2,2,2,2,2,2,2,2,2,2,2,2,2,2,2,2,2,2,16,2,2,16,16,8,96.65,96.67697439183468,210.77083814388948,1.169302494601962,1.1891548361918787
16,4,2,2,2,2,2,2,2,2,2,2,2,2,2,2,2,2,2,2,2,2,2,2,2,2,2,2,2,2,2,16,2,2,16,16,8,96.7,96.77461648778329,221.76355728940317,1.169302494601962,1.3249860493475363
16,4,2,2,2,2,2,2,2,2,2,2,2,2,2,2,2,2,2,2,2,2,2,2,2,2,2,2,2,2,2,16,2,2,16,16,8,96.75,96.77461648778329,221.76355728940317,1.169302494601962,1.1774166044608925
16,2,2,2,2,2,2,2,2,2,2,2,2,2,2,2,2,2,2,2,2,2,2,2,2,2,2,2,2,2,2,16,2,2,16,16,8,96.8,96.8722585837319,236.88149195541843,6.844322520304392,6.845236449924435
16,2,2,2,2,2,2,2,2,2,2,2,2,2,2,2,2,2,2,2,2,2,2,2,2,2,2,2,2,2,2,16,2,2,16,16,8,96.85,96.8722585837319,236.88149195541843,6.844322520304392,6.848741071649613
