Target_Saving,Budget,Avg_Saving,SNR_Context,Num_Policies,NMSE_dB,Rate_10,Outage_10dB_95,Outage_10dB_98,Outage_10dB_99,NMSE_dB_Low,Rate_10_Low,NMSE_dB_Mid,Rate_10_Mid,NMSE_dB_High,Rate_10_High,Rate_20,Outage_20dB_95,Outage_20dB_98,Outage_20dB_99,Rate_20_Low,Rate_20_Mid,Rate_20_High,Rate_30,Outage_30dB_95,Outage_30dB_98,Outage_30dB_99,Rate_30_Low,Rate_30_Mid,Rate_30_High
85.0,0.3007812499999978,85.09061079502695,10,1,-15.36186211539107,3.894868636417389,0.0009,0.087,0.4212,-14.768215035546676,4.6296229065000905,-15.416977354085828,3.9171020298856565,-15.986407885982587,3.1374265985185503,,,,,,,,,,,,,,
85.0,0.3007812499999978,85.09061079502695,20,1,-15.36186211539107,,,,,-14.768215035546676,,-15.416977354085828,,-15.986407885982587,,7.111745021176338,0.0001,0.00765,0.14755,7.894896051593362,7.146335992544228,6.293512177853739,,,,,,,
85.0,0.3007812499999978,85.09061079502695,30,1,-15.36186211539107,,,,,-14.768215035546676,,-15.416977354085828,,-15.986407885982587,,,,,,,,,10.422555496168137,0.0,0.0017,0.03895,11.211011853272428,10.458608871744861,9.597550859685992
85.5,0.2951660156249978,85.47593244829767,10,1,-15.361503909922831,3.8948651205420495,0.0009,0.0869,0.42155,-14.767785928741803,4.629618363889592,-15.416706750167531,3.9170991683263727,-15.986043662651408,3.1374234552858544,,,,,,,,,,,,,,
85.5,0.2951660156249978,85.47593244829767,20,1,-15.361503909922831,,,,,-14.767785928741803,,-15.416706750167531,,-15.986043662651408,,7.111741213321686,0.0001,0.00765,0.14745,7.894891274854961,7.146332963755836,6.293508559930511,,,,,,,
85.5,0.2951660156249978,85.47593244829767,30,1,-15.361503909922831,,,,,-14.767785928741803,,-15.416706750167531,,-15.986043662651408,,,,,,,,,10.42255164399147,0.0,0.0017,0.03885,11.211007045569646,10.45860581435196,9.597547168348159
85.75,0.2895507812499978,85.86125410156838,10,1,-15.361130823041496,3.8948620737195014,0.0009,0.087,0.42155,-14.767446337034471,4.629613647721238,-15.416425979833846,3.9170974964286014,-15.985520900738923,3.1374207030610592,,,,,,,,,,,,,,
85.75,0.2895507812499978,85.86125410156838,20,1,-15.361130823041496,,,,,-14.767446337034471,,-15.416425979833846,,-15.985520900738923,,7.111737927603722,0.0001,0.00765,0.14755,7.894886222083052,7.146331107680784,6.293505611826106,,,,,,,
85.75,0.2895507812499978,85.86125410156838,30,1,-15.361130823041496,,,,,-14.767446337034471,,-15.416425979833846,,-15.985520900738923,,,,,,,,,10.422548330068588,0.0,0.0016,0.0389,11.211001940952066,10.45860394190083,9.597544203857844
86.0,0.27832031249999784,86.2465757548391,10,1,-15.360639863123035,3.894857662010193,0.0009,0.0872,0.42135,-14.767024347059742,4.629610187004767,-15.416140491813303,3.9170945975404337,-15.984704224161284,3.137413826058893,,,,,,,,,,,,,,
86.0,0.27832031249999784,86.2465757548391,20,1,-15.360639863123035,,,,,-14.767024347059742,,-15.416140491813303,,-15.984704224161284,,7.1117331699132915,0.0001,0.0076,0.14735,7.894882745276544,7.146328015962474,6.293497905510814,,,,,,,
86.0,0.27832031249999784,86.2465757548391,30,1,-15.360639863123035,,,,,-14.767024347059742,,-15.416140491813303,,-15.984704224161284,,,,,,,,,10.422543541431427,0.0,0.0016,0.03905,11.210998472369354,10.458600836023287,9.597536410604205
86.75,0.2670898437499979,87.01721906138053,10,1,-15.359798337037745,3.8948493737459184,0.0009,0.0872,0.4218,-14.766128155442681,4.629598824721865,-15.415207043576247,3.9170860221948036,-15.984039946307789,3.1374089009120683,,,,,,,,,,,,,,
86.75,0.2670898437499979,87.01721906138053,20,1,-15.359798337037745,,,,,-14.766128155442681,,-15.415207043576247,,-15.984039946307789,,7.111724315118789,0.0001,0.00765,0.14765,7.894870848303865,7.146318807956624,6.293492448143884,,,,,,,
86.75,0.2670898437499979,87.01721906138053,30,1,-15.359798337037745,,,,,-14.766128155442681,,-15.415207043576247,,-15.984039946307789,,,,,,,,,10.42253462767601,0.0,0.0016,0.03905,11.210986525696342,10.458591566160187,9.597530887908295
87.25,0.2558593749999979,87.40254071465125,10,1,-15.359474417656632,3.8948469243168833,0.0009,0.08715,0.4219,-14.765960546090792,4.629597899366011,-15.414904690979172,3.9170832877825603,-15.9834844046725,3.137405211649307,,,,,,,,,,,,,,
87.25,0.2558593749999979,87.40254071465125,20,1,-15.359474417656632,,,,,-14.765960546090792,,-15.414904690979172,,-15.9834844046725,,7.111721747779846,0.0001,0.0076,0.1478,7.894869916941065,7.146315907673987,6.293488576990359,,,,,,,
87.25,0.2558593749999979,87.40254071465125,30,1,-15.359474417656632,,,,,-14.765960546090792,,-15.414904690979172,,-15.9834844046725,,,,,,,,,10.422532056236268,0.0,0.0017,0.0391,11.210985599482353,10.458588634484101,9.597527030707838
87.75,0.24462890624999792,87.84475751828774,10,5,-15.073959067915094,3.8921273236632348,0.0013,0.1041,0.46245,-14.470734672508875,4.626228581879335,-15.125712805341458,3.91436737461153,-15.715072602024735,3.135332028118788,,,,,,,,,,,,,,
87.75,0.24462890624999792,87.84995032963063,20,4,-15.085367789386755,,,,,-14.47636322363038,,-15.141877324215596,,-15.728742288143692,,7.108914684414864,0.0001,0.0097,0.17305,7.891410052025468,7.143570078799448,6.291273435767816,,,,,,,
87.75,0.24462890624999792,87.8580029501189,30,2,-15.132891916826384,,,,,-14.553999304295168,,-15.186046387197209,,-15.740198877731125,,,,,,,,,10.420240142822266,0.0,0.0018,0.04445,11.208558330438633,10.456285933641595,9.595381348072982
88.25,0.23339843749999795,88.44787621541889,10,1,-14.832957087624122,3.889729575741291,0.0014,0.1142,0.5037,-14.271338225648336,4.623911260557375,-14.885619097005554,3.91195517857059,-15.418212469058098,3.1328682621129276,,,,,,,,,,,,,,
88.25,0.23339843749999795,88.44727415033566,20,3,-14.810188656989329,,,,,-14.251844783098502,,-14.862003575168501,,-15.392137840932394,,7.105935383343697,0.0001,0.0105,0.1931,7.888664815049723,7.1405443259893095,6.28810640972774,,,,,,,
88.25,0.23339843749999795,88.45464944760528,30,1,-14.831249284403258,,,,,-14.269087970525636,,-14.883606806400245,,-15.417556090724517,,,,,,,,,10.416939117860794,0.0,0.0019,0.05265,11.204985516759258,10.453020118708801,9.59231704380475
88.75,0.22216796874999795,88.96256660344983,10,7,-14.460244018729323,3.885620670366287,0.00165,0.1463,0.56055,-13.86551488265942,4.618578815145556,-14.515909010944538,3.907935180453819,-15.085596207714044,3.1298946705685946,,,,,,,,,,,,,,
88.75,0.22216796874999795,88.97874710256178,20,5,-14.464420656344952,,,,,-13.867300129310342,,-14.525801001275527,,-15.086427901895105,,7.1018475967884065,0.0001,0.0153,0.2311,7.883405851760022,7.13663086007295,6.285016077620929,,,,,,,
88.75,0.22216796874999795,89.01795659110749,30,4,-14.462372929610698,,,,,-13.86328578644084,,-14.522156408964719,,-15.088806856777559,,,,,,,,,10.412529880285263,0.0,0.0022,0.0693,11.19939154511665,10.448756832238365,9.588947212710385
89.5,0.21093749999999797,89.57656010114692,10,4,-14.193641954980032,3.8825254314303397,0.0018,0.1694,0.60465,-13.630097647738753,4.615329237633575,-14.245397589414024,3.90479110981364,-14.782433560382177,3.1270027238638605,,,,,,,,,,,,,,
89.5,0.21093749999999797,89.60858243776151,20,2,-14.203551653366763,,,,,-13.649879036609915,,-14.251260637207634,,-14.78407084873642,,7.098568222641945,0.0001,0.0161,0.2622,7.880272821745046,7.133194082142281,6.281747769765636,,,,,,,
89.5,0.21093749999999797,89.61061440741744,30,1,-14.246852176382141,,,,,-13.714798360777058,,-14.29515199768607,,-14.79877978309255,,,,,,,,,10.409848986959457,0.0,0.0022,0.07515,11.197312914259648,10.445950011829451,9.585789698083289
90.0,0.199707031249998,90.17188958126373,10,3,-13.917798058073778,3.8790855427265165,0.00235,0.19575,0.6509,-13.353098189871131,4.611231906584229,-13.974344014189663,3.901419455874946,-14.502678104785334,3.1241523964064464,,,,,,,,,,,,,,
90.0,0.199707031249998,90.1865649176676,20,2,-13.924709882759512,,,,,-13.384294522154166,,-13.968471136782597,,-14.492517709295194,,7.094826215410232,0.0001,0.0212,0.29805,7.876196553339555,7.1294181419119695,6.278374177711208,,,,,,,
90.0,0.199707031249998,90.18859688732353,30,1,-13.966226854330898,,,,,-13.44671383151752,,-14.010082795581864,,-14.507081799675632,,,,,,,,,10.406087689590453,0.0,0.0023,0.0924,11.193233614705893,10.442154330555093,9.582380998320653
90.5,0.188476562499998,90.57617628465637,10,2,-13.775163912963812,3.8772951521039007,0.0023,0.2079,0.68445,-13.265277884962277,4.609957903534192,-13.813249347443964,3.8993766322848176,-14.310217994792565,3.122097892742626,,,,,,,,,,,,,,
90.5,0.188476562499998,90.57617628465637,20,2,-13.777840492713185,,,,,-13.266998136904105,,-13.817198196724894,,-14.312684751062816,,7.0928167563199995,0.0001,0.02215,0.31875,7.874386067510581,7.127358535627583,6.276215803222496,,,,,,,
90.5,0.188476562499998,90.57617628465637,30,2,-13.778685052235016,,,,,-13.267726193617012,,-13.817944371320955,,-14.313787971125883,,,,,,,,,10.40348336277008,0.0,0.0025,0.10545,11.190429906467513,10.439500636373657,9.58002556958834
91.0,0.17724609374999803,91.15190102050032,10,6,-13.507597831420235,3.87367118511796,0.00255,0.24255,0.73155,-13.009094769045202,4.605891342640781,-13.54412089983173,3.8957177512146575,-14.029954556827636,3.1189517203678174,,,,,,,,,,,,,,
91.0,0.17724609374999803,91.15190102050032,20,6,-13.448123842640367,,,,,-12.905833417348443,,-13.494311486511206,,-14.015615337335758,,7.087925356030464,0.0001,0.0331,0.3692,7.86827024536785,7.122604381702013,6.27241223098851,,,,,,,
91.0,0.17724609374999803,91.15190102050032,30,2,-13.499777894404739,,,,,-12.992192869452207,,-13.53789758487534,,-14.031866653346832,,,,,,,,,10.399369264793396,0.0,0.00275,0.1284,11.185810614862197,10.435404279236316,9.576399216989651
91.5,0.16601562499999806,91.7298835004064,10,4,-13.24496521062448,3.8699067254662514,0.0031,0.2777,0.77635,-12.753743807492551,4.601606438599021,-13.278360459230829,3.8919179526788428,-13.76161807716781,3.115743377593671,,,,,,,,,,,,,,
91.5,0.16601562499999806,91.7298835004064,20,5,-13.247715831407918,,,,,-12.75527037793697,,-13.2825185858103,,-13.764339766691535,,7.084849546980858,0.0001,0.03475,0.40375,7.865659336165604,7.119371732266706,6.269028177567605,,,,,,,
91.5,0.16601562499999806,91.7298835004064,30,2,-13.249358702031891,,,,,-12.75549541057919,,-13.287591496575326,,-13.763939888285428,,,,,,,,,10.395461295461654,0.0,0.00335,0.1514,11.18164907992065,10.431538401782763,9.57270284832454
92.25,0.15478515624999808,92.30786598031247,10,3,-13.008861079950304,3.8663462365210055,0.0036,0.316,0.81705,-12.526005840643762,4.597603302911576,-13.047829834362934,3.8884406695483182,-13.508769351400554,3.1125425453267606,,,,,,,,,,,,,,
92.25,0.15478515624999808,92.30786598031247,20,3,-13.011765548936928,,,,,-12.529733866726486,,-13.049188193833213,,-13.512361231756886,,7.0809953499555585,0.00015,0.0418,0.4526,7.861505813418424,7.115581804002626,6.265409178593579,,,,,,,
92.25,0.15478515624999808,92.30786598031247,30,3,-12.972834865127421,,,,,-12.451669638373959,,-13.021626402566842,,-13.510267761317412,,,,,,,,,10.390853385782242,0.0,0.005,0.18285,11.175931159221419,10.427128930826994,9.569007058103546
92.75,0.1435546874999981,92.88584846021854,10,2,-12.77253754293187,3.8625707779586316,0.0046,0.35885,0.85435,-12.300977933104383,4.593411820193716,-12.807999404661455,3.8846181029678464,-13.2622072610621,3.1092304969284714,,,,,,,,,,,,,,
92.75,0.1435546874999981,92.88584846021854,20,2,-12.773023798548255,,,,,-12.302018800827293,,-12.808627951162595,,-13.2618431482308,,7.076880788516998,0.0001,0.0519,0.50105,7.857096297696599,7.111456845288657,6.261600151997941,,,,,,,
92.75,0.1435546874999981,92.88584846021854,30,1,-12.772578899498637,,,,,-12.30113383975921,,-12.80880939929114,,-13.261251902671884,,,,,,,,,10.387381759929657,0.0,0.0058,0.20195,11.17301270185149,10.423456699889652,9.565182657230373
93.25,0.1323242187499981,93.46383094012462,10,1,-12.528237218111718,3.8584323794066906,0.0059,0.4093,0.89245,-12.066344688063976,4.588781843231192,-12.563200629810368,3.88047327187938,-13.006420121487016,3.1055904082497774,,,,,,,,,,,,,,
93.25,0.1323242187499981,93.46383094012462,20,1,-12.528237218111718,,,,,-12.066344688063976,,-12.563200629810368,,-13.006420121487016,,7.072401985788345,0.0001,0.06435,0.55345,7.852237128181663,7.106994709499453,6.257485267423353,,,,,,,
93.25,0.1323242187499981,93.46383094012462,30,1,-12.528237218111718,,,,,-12.066344688063976,,-12.563200629810368,,-13.006420121487016,,,,,,,,,10.382878010606765,0.0,0.0065,0.23795,11.168158328812067,10.4189661819204,9.5610165027868
93.75,0.12109374999999814,93.94627321713477,10,6,-9.653181040308311,3.7876012606739997,0.15965,0.95965,1.0,-9.163639119623051,4.506673326947121,-9.694895046965698,3.8098232868050985,-10.158435273510518,3.045862213832562,,,,,,,,,,,,,,
93.75,0.12109374999999814,93.94623558806707,20,5,-9.651995680820475,,,,,-9.16229372055495,,-9.691714139123613,,-10.159674118445768,,6.9957180133581165,0.00365,0.54985,0.99395,7.766206382847004,7.030766545760825,6.189697595919166,,,,,,,
93.75,0.12109374999999814,93.94589692645775,30,4,-9.659773593641308,,,,,-9.175580988257092,,-9.700550808242372,,-10.159348372398444,,,,,,,,,10.305878948307038,0.0002,0.17105,0.85255,11.082289095188088,10.342576483873529,9.492283206026093
94.25,0.10986328124999817,94.50769890725186,10,5,-6.627552616088042,3.640065492171049,0.897,1.0,1.0,-6.075988425137,4.336814625969746,-6.694691283516758,3.662536120479094,-7.183473102978156,2.920414025525228,,,,,,,,,,,,,,
94.25,0.10986328124999817,94.51375718715194,20,6,-6.574774470074552,,,,,-5.986095224390779,,-6.648414344640885,,-7.171743806599215,,6.834540638613701,0.3014,0.9994,1.0,7.586835845545086,6.8710963212592775,6.04521624910302,,,,,,,
94.25,0.10986328124999817,94.51289171859479,30,4,-6.6130538799922345,,,,,-6.050940073524469,,-6.6783767697527825,,-7.18467514868374,,,,,,,,,10.144607653784751,0.03395,0.90925,1.0,10.904306853110732,10.182794774729976,9.346242410152042
95.0,0.09863281249999818,95.07254884252988,10,10,-4.886669963960873,3.4820559568941594,0.99935,1.0,1.0,-4.3132256343622295,4.155160516411084,-4.951182309401362,3.504377186119592,-5.473969307902541,2.7862127457095793,,,,,,,,,,,,,,
95.0,0.09863281249999818,95.07269935880068,20,9,-4.9079347449246935,,,,,-4.347299129705736,,-4.975595617972978,,-5.475010502185377,,6.660248981654644,0.81005,1.0,1.0,7.394855048460522,6.697138882999157,5.888289930690236,,,,,,,
95.0,0.09863281249999818,95.07254884252988,30,9,-4.917035864765071,,,,,-4.3755469389878705,,-4.9700459263778765,,-5.4758096339435705,,,,,,,,,9.967874224638939,0.3683,0.9998,1.0,10.711532409990628,10.00575686201909,9.185864289768604
95.5,0.0874023437499982,95.63017399680905,10,8,-3.629064154169167,3.3083185587882995,1.0,1.0,1.0,-3.143980990515996,3.964114825133442,-3.6697763150348695,3.329566746324426,-4.129829191032602,2.6308677156790106,,,,,,,,,,,,,,
95.5,0.0874023437499982,95.63013636774136,20,5,-3.6320627139022923,,,,,-3.147149585948816,,-3.674676439661404,,-4.1305000232593665,,6.466224740946293,0.99375,1.0,1.0,7.190845357349123,6.503313533117046,5.7040581238441534,,,,,,,
95.5,0.0874023437499982,95.63017399680905,30,3,-3.614319550403295,,,,,-3.1032690028254706,,-3.6685381501886196,,-4.132821236683322,,,,,,,,,9.76988601384163,0.784,1.0,1.0,10.501816349395678,9.809741213426092,8.997637222079383
96.0,0.07617187499999822,96.19355639844667,10,7,-2.542609315053344,3.0982574146330357,1.0,1.0,1.0,-2.035447354392801,3.7269491456766364,-2.5888973109624103,3.117491994278833,-3.065021912754131,2.4499421925926836,,,,,,,,,,,,,,
96.0,0.07617187499999822,96.19366928564978,20,5,-2.5222090751954065,,,,,-1.997633030314726,,-2.581189227763404,,-3.0526088617829683,,6.224908853101731,1.0,1.0,1.0,6.935464939530481,6.261601735355615,5.477211355626369,,,,,,,
96.0,0.07617187499999822,96.19370691471748,30,4,-2.503747115111741,,,,,-1.960735337253534,,-2.5698464701874735,,-3.0498103489666772,,,,,,,,,9.525304485988617,0.9809,1.0,1.0,10.24317828852328,9.566953191445412,8.765326082134019
96.5,0.05371093749999827,96.57801258316024,10,1,-1.840040017355823,2.8300590104162695,1.0,1.0,1.0,-1.4707394746542415,3.4363129727841852,-1.8749210617860892,2.8483192997380655,-2.205957396586233,2.2051699002321454,,,,,,,,,,,,,,
96.5,0.05371093749999827,96.57801258316024,20,1,-1.840040017355823,,,,,-1.4707394746542415,,-1.8749210617860892,,-2.205957396586233,,5.904147596651316,1.0,1.0,1.0,6.607183898289045,5.943377062204575,5.161436291784942,,,,,,,
96.5,0.05371093749999827,96.57801258316024,30,1,-1.840040017355823,,,,,-1.4707394746542415,,-1.8749210617860892,,-2.205957396586233,,,,,,,,,9.195130436348915,1.0,1.0,1.0,9.911641638366206,9.237886265143707,8.435407663021339
97.0,0.03124999999999832,96.38535175652488,10,2,-2.0419041021617557,2.905831118389964,1.0,1.0,1.0,-1.641865479222385,3.5202308775746474,-2.0812384100693593,2.9242312528805314,-2.4396909496381634,2.272651392845761,,,,,,,,,,,,,,
97.0,0.03124999999999832,96.38535175652488,20,3,-2.0330277545565716,,,,,-1.622274723367925,,-2.0743517010129784,,-2.44156500712793,,5.989919565689564,1.0,1.0,1.0,6.6890227833263305,6.028433479766468,5.251859686597913,,,,,,,
97.0,0.03124999999999832,96.38535175652488,30,2,-2.0412734659191805,,,,,-1.6409652845071732,,-2.082653315247438,,-2.4371625039876315,,,,,,,,,9.283384741449357,1.0,1.0,1.0,9.997970483084245,9.32581293969077,8.525916411453078
