l,r,b,omega_nmse
0,1,8,3.193889698013663e-06
0,1,4,0.0013138010401278733
0,1,2,0.026782959422469138
0,2,8,7.29521862231195e-06
0,2,4,0.0026857571134343743
0,2,2,0.049692527731787416
0,3,8,1.1654019495472311e-05
0,3,4,0.0038806998047977684
0,3,2,0.07704490083986894
0,4,8,1.774508971720934e-05
0,4,4,0.00582264858414419
0,4,2,0.10173662016084417
0,5,8,2.1906458493322135e-05
0,5,4,0.006953799630375579
0,5,2,0.12190595576083288
0,6,8,2.5879773730412125e-05
0,6,4,0.008559887914080173
0,6,2,0.14765107766604052
1,2,8,4.0012926328927275e-06
1,2,4,0.0014079491767566652
1,2,2,0.024497448665089905
1,3,8,8.29486413858831e-06
1,3,4,0.002630395410070196
1,3,2,0.0516912906832993
1,4,8,1.4354526624083519e-05
1,4,4,0.004583688834449276
1,4,2,0.07710799607178197
1,5,8,1.843487354926765e-05
1,5,4,0.005731270789494738
1,5,2,0.09729765255367383
1,6,8,2.2419079905375837e-05
1,6,4,0.007343040381511673
1,6,2,0.12257033341964707
1,7,8,3.22173252236098e-05
1,7,4,0.008682625884748996
1,7,2,0.148225708137732
2,3,8,4.344736086204648e-06
2,3,4,0.001258107176143676
2,3,2,0.02881867151260376
2,4,8,1.0404583718627691e-05
2,4,4,0.0032919433975592254
2,4,2,0.05555122410459444
2,5,8,1.4535361342132091e-05
2,5,4,0.004455056135216728
2,5,2,0.0759033983095549
2,6,8,1.856481241993606e-05
2,6,4,0.006080383623298258
2,6,2,0.1012849202551879
2,7,8,2.8349177679046988e-05
2,7,4,0.007420421865861863
2,7,2,0.12612952863192187
2,8,8,3.442657417617738e-05
2,8,4,0.009457750601507723
2,8,2,0.15452609156696126
3,4,8,5.958904512226581e-06
3,4,4,0.0021071355685126037
3,4,2,0.02887166463062167
3,5,8,1.005661841481924e-05
3,5,4,0.003291869405657053
3,5,2,0.049651563308481125
3,6,8,1.411960762925446e-05
3,6,4,0.004939628427661955
3,6,2,0.07440793484086171
3,7,8,2.3925597686320543e-05
3,7,4,0.006306888274708763
3,7,2,0.0999674442234449
3,8,8,3.011886398307979e-05
3,8,4,0.008338301085308194
3,8,2,0.12828805290227757
3,9,8,3.34596648812294e-05
3,9,4,0.00958143947403878
3,9,2,0.1489417144703679
4,5,8,4.001406952738762e-06
4,5,4,0.0012453861313406378
4,5,2,0.022759268974605947
4,6,8,8.116896403953434e-06
4,6,4,0.0029160205446183683
4,6,2,0.048635346227977425
4,7,8,1.8022166285663842e-05
4,7,4,0.00431953837685287
4,7,2,0.07541730916043743
4,8,8,2.4128795973956584e-05
4,8,4,0.006447780922614038
4,8,2,0.10414267965676263
4,9,8,2.7440378675237297e-05
4,9,4,0.007704671378107742
4,9,2,0.12495353301903232
4,10,8,3.0297819012776017e-05
4,10,4,0.008941489749588073
4,10,2,0.1534540376513265
5,6,8,4.131499724462629e-06
5,6,4,0.0017099272365681828
5,6,2,0.02752012955872342
5,7,8,1.3956527831032872e-05
5,7,4,0.003121863575745374
5,7,2,0.05427306524803862
5,8,8,2.00637670699507e-05
5,8,4,0.005268951198924333
5,8,2,0.08358433410422876
5,9,8,2.344313128851354e-05
5,9,4,0.00652615398131311
5,9,2,0.10444305512579158
5,10,8,2.6300477236509323e-05
5,10,4,0.007754455205239355
5,10,2,0.13270250919451937
5,11,8,3.152578328736126e-05
5,11,4,0.009268285388499498
5,11,2,0.15715793970925734
6,7,8,9.814615687355399e-06
6,7,4,0.0014458715237211435
6,7,2,0.028529471972584725
6,8,8,1.589504242874682e-05
6,8,4,0.0036557056217920037
6,8,2,0.058244938594009726
6,9,8,1.9250839948654175e-05
6,9,4,0.004931787768844515
6,9,2,0.07940037655448541
6,10,8,2.2023972915485503e-05
6,10,4,0.006153706065844745
6,10,2,0.10723027663426474
6,11,8,2.7243510726839302e-05
6,11,4,0.007668631486501544
6,11,2,0.13154683733945713
6,12,8,3.6443514237180354e-05
6,12,4,0.009866688456572592
6,12,2,0.1690143374598585
7,8,8,6.012487551197409e-06
7,8,4,0.002300548568367958
7,8,2,0.03201569223618135
7,9,8,9.41880252212286e-06
7,9,4,0.003605661985045299
7,9,2,0.053949387424066665
7,10,8,1.224634414538741e-05
7,10,4,0.004841367799369618
7,10,2,0.08136825508540496
7,11,8,1.7522168345749378e-05
7,11,4,0.006366524103004485
7,11,2,0.10579020329704508
7,12,8,2.676947503350675e-05
7,12,4,0.00859903095252812
7,12,2,0.14230371859846636
7,13,8,3.0121098132804036e-05
7,13,4,0.009980058619286865
7,13,2,0.16555635146973655
8,9,8,3.453977219760418e-06
8,9,4,0.0013480946971103549
8,9,2,0.023803703541308643
8,10,8,6.233389303088188e-06
8,10,4,0.002619116459460929
8,10,2,0.052084993781428786
8,11,8,1.1468295427039266e-05
8,11,4,0.00418816205416806
8,11,2,0.07718410893278196
8,12,8,2.06694059073925e-05
8,12,4,0.006438457656791434
8,12,2,0.11460249195666984
8,13,8,2.4036240810528397e-05
8,13,4,0.007873212364688516
8,13,2,0.13731926064072178
8,14,8,2.8198069985955955e-05
8,14,4,0.008985357902944089
8,14,2,0.1673562734118663
9,10,8,2.7924451511353255e-06
9,10,4,0.0013179940834175796
9,10,2,0.03002855505142361
9,11,8,7.996654231101274e-06
9,11,4,0.0029124354821629824
9,11,2,0.05564125070562586
9,12,8,1.7230514576658606e-05
9,12,4,0.005168360352609307
9,12,2,0.09369167509255931
9,13,8,2.069527325220406e-05
9,13,4,0.006635213709576055
9,13,2,0.11657104643052443
9,14,8,2.4827029928565026e-05
9,14,4,0.007744514811737463
9,14,2,0.14603607056466864
9,15,8,2.9938409058377147e-05
9,15,4,0.009012904784502462
9,15,2,0.1696078705805354
10,11,8,5.167418392375112e-06
10,11,4,0.0016473037234507502
10,11,2,0.027176934647001327
10,12,8,1.4486704580485821e-05
10,12,4,0.003928243020689115
10,12,2,0.06570241022566334
10,13,8,1.794767566025257e-05
10,13,4,0.005394143242901191
10,13,2,0.08860661205584183
10,14,8,2.204724196344614e-05
10,14,4,0.006514018743019551
10,14,2,0.11755896461708472
10,15,8,2.7103658765554427e-05
10,15,4,0.007800181331532076
10,15,2,0.14093429841687902
10,16,8,3.3993847761303186e-05
10,16,4,0.009124243070743977
10,16,2,0.16682228056220338
11,12,8,9.4042775221169e-06
11,12,4,0.002371111168479547
11,12,2,0.04106717557031661
11,13,8,1.2884947657585144e-05
11,13,4,0.003882697429554537
11,13,2,0.06424472708804532
11,14,8,1.704085017554462e-05
11,14,4,0.005031008570501581
11,14,2,0.09325483305258676
11,15,8,2.2061947407200933e-05
11,15,4,0.0063450066243764015
11,15,2,0.11657461357405409
11,16,8,2.8954081097617744e-05
11,16,4,0.007679116620775312
11,16,2,0.1422167753386311
11,17,8,3.480802373960614e-05
11,17,4,0.009237012940831483
11,17,2,0.16947605281649158
12,13,8,3.4984509460628035e-06
12,13,4,0.0015718796530738474
12,13,2,0.025236992684565484
12,14,8,7.64433816075325e-06
12,14,4,0.0027504717163741588
12,14,2,0.05337034922754392
12,15,8,1.2698236014693975e-05
12,15,4,0.00412778899022378
12,15,2,0.07704332855297252
12,16,8,1.9638773519545793e-05
12,16,4,0.005480813111551106
12,16,2,0.10275868151104078
12,17,8,2.5363862002268434e-05
12,17,4,0.0070716905005741865
12,17,2,0.12903451695768162
12,18,8,2.9762478126212956e-05
12,18,4,0.008526801528036594
12,18,2,0.15365502389287575
13,14,8,4.146433155983686e-06
13,14,4,0.0012299147245939822
13,14,2,0.029690727612283082
13,15,8,9.170192060992122e-06
13,15,4,0.002620650937920436
13,15,2,0.05389539397163317
13,16,8,1.60895386710763e-05
13,16,4,0.00399027008805424
13,16,2,0.08025648549711331
13,17,8,2.186617124825716e-05
13,17,4,0.005601677291095257
13,17,2,0.10633683895310388
13,18,8,2.6211112318560482e-05
13,18,4,0.007061179434135556
13,18,2,0.13116116237966344
13,19,8,3.101144409738481e-05
13,19,4,0.008234223084244877
13,19,2,0.15180046001961456
14,15,8,4.953519441187382e-06
14,15,4,0.001451805928023532
14,15,2,0.025803768578637393
14,16,8,1.1850997619330883e-05
14,16,4,0.0028398521544411776
14,16,2,0.05286567131932825
14,17,8,1.7749607469886543e-05
14,17,4,0.0044652217758819465
14,17,2,0.07891009845947847
14,18,8,2.212744769640267e-05
14,18,4,0.005932714385399595
14,18,2,0.10377357420520857
14,19,8,2.6930284360423685e-05
14,19,4,0.007099978043884039
14,19,2,0.12421146479872987
14,20,8,3.1082991044968365e-05
14,20,4,0.008509613584447653
14,20,2,0.15080133853619918
15,16,8,6.981623265892267e-06
15,16,4,0.0014293010455090553
15,16,2,0.028925754775479436
15,17,8,1.2866541277617217e-05
15,17,4,0.0031064244971144945
15,17,2,0.05546706927102059
15,18,8,1.7289134487509728e-05
15,18,4,0.004607657699659467
15,18,2,0.08050771759385243
15,19,8,2.2069315053522585e-05
15,19,4,0.005802011339040473
15,19,2,0.10077894682427868
15,20,8,2.6301362877711655e-05
15,20,4,0.00724100560778752
15,20,2,0.12737185412114485
15,21,8,3.219522419385612e-05
15,21,4,0.008794736328721046
15,21,2,0.15269668967975303
16,17,8,5.800139671191573e-06
16,17,4,0.0017115803748834878
16,17,2,0.02833414554987103
16,18,8,1.0221719462424516e-05
16,18,4,0.0032376329382881523
16,18,2,0.05463167771296576
16,19,8,1.4890457037836313e-05
16,19,4,0.0044505827352404595
16,19,2,0.07465004143891855
16,20,8,1.918329680338502e-05
16,20,4,0.005912712365528569
16,20,2,0.10196913841916248
16,21,8,2.501902598887682e-05
16,21,4,0.007485845171101391
16,21,2,0.12789339961400256
16,22,8,3.3344557369127866e-05
16,22,4,0.00933632767368108
16,22,2,0.1543117719377391
17,18,8,4.407212929800153e-06
17,18,4,0.0015708699710667133
17,18,2,0.02792838087826967
17,19,8,9.067346388474107e-06
17,19,4,0.0027973074584733697
17,19,2,0.04876388541786
17,20,8,1.3361150771379471e-05
17,20,4,0.0042955028041731565
17,20,2,0.07609324328536168
17,21,8,1.9247751822695138e-05
17,21,4,0.005902408832870424
17,21,2,0.10254676080597565
17,22,8,2.7452702075242995e-05
17,22,4,0.00770918815843761
17,22,2,0.12938059604940935
17,23,8,3.371781464666128e-05
17,23,4,0.00884267983911559
17,23,2,0.15013155039241538
18,19,8,4.66364249587059e-06
18,19,4,0.001299356239521876
18,19,2,0.023051123356539756
18,20,8,8.938238583505154e-06
18,20,4,0.002860237433947623
18,20,2,0.05166189115187153
18,21,8,1.4823070028796793e-05
18,21,4,0.0044809848211240025
18,21,2,0.07842477183742448
18,22,8,2.318976460956037e-05
18,22,4,0.006280842283833772
18,22,2,0.10520450322432444
18,23,8,2.940864535048604e-05
18,23,4,0.007451941322442144
18,23,2,0.12589348931526764
18,24,8,3.536968845874071e-05
18,24,4,0.008484591990243644
18,24,2,0.14453467773934825
19,20,8,4.28442694246769e-06
19,20,4,0.0016055108250118792
19,20,2,0.03049607860231772
19,21,8,1.0248866770416498e-05
19,21,4,0.0032731377561576666
19,21,2,0.05854326099446043
19,22,8,1.8562163971364498e-05
19,22,4,0.0050785015776753425
19,22,2,0.08544046852970495
19,23,8,2.4791775178164243e-05
19,23,4,0.00626740869586356
19,23,2,0.10643834504475817
19,24,8,3.075500195845962e-05
19,24,4,0.007313139575952664
19,24,2,0.12523572471430525
19,25,8,3.514310270547867e-05
19,25,4,0.008435196319920943
19,25,2,0.14625383499404415
20,21,8,5.8743546716868874e-06
20,21,4,0.0017083034076262266
20,21,2,0.031431847012229265
20,22,8,1.4236996741965414e-05
20,22,4,0.0035465823282953353
20,22,2,0.05897430039094761
20,23,8,2.054076516069472e-05
20,23,4,0.004757064471766353
20,23,2,0.08027431242959573
20,24,8,2.6450662221759558e-05
20,24,4,0.005808309164363891
20,24,2,0.09959923610715196
20,25,8,3.086448940448463e-05
20,25,4,0.006954197863349691
20,25,2,0.1209721819925122
20,26,8,3.391866241581738e-05
20,26,4,0.008391885264730082
20,26,2,0.14099197184210643
21,22,8,8.514649979770183e-06
21,22,4,0.0019142055321019144
21,22,2,0.030370674477051943
21,23,8,1.4671377185732127e-05
21,23,4,0.003152572670346126
21,23,2,0.053032784663047644
21,24,8,2.0716716442257167e-05
21,24,4,0.004225404647504911
21,24,2,0.0732979550533928
21,25,8,2.5125465914607047e-05
21,25,4,0.0053951282636262475
21,25,2,0.09581456799814478
21,26,8,2.813530373387039e-05
21,26,4,0.006812931117229163
21,26,2,0.11661135257435963
21,27,8,3.349212915636599e-05
21,27,4,0.007949039214290679
21,27,2,0.13727180624892935
22,23,8,6.181911425665021e-06
22,23,4,0.0012789883193559946
22,23,2,0.0245688212223351
22,24,8,1.2142060277983546e-05
22,24,4,0.0023931237711105496
22,24,2,0.04570497704492882
22,25,8,1.6492403764277696e-05
22,25,4,0.0035505673667415977
22,25,2,0.0686373205867596
22,26,8,1.9542929157614707e-05
22,26,4,0.004964909641677514
22,26,2,0.08917706403350457
22,27,8,2.486255643889308e-05
22,27,4,0.0061194377949927
22,27,2,0.11014402051782235
22,28,8,2.8399394825100897e-05
22,28,4,0.007244447065982968
22,28,2,0.13110584923578425
23,24,8,5.984231969341636e-06
23,24,4,0.0011577883562073111
23,24,2,0.022588991654198618
23,25,8,1.0305545013397931e-05
23,25,4,0.0023369110783562066
23,25,2,0.04626386691937223
23,26,8,1.3449503667652606e-05
23,26,4,0.0037732326885685325
23,26,2,0.06701461671469733
23,27,8,1.8770414497703313e-05
23,27,4,0.004949713621847331
23,27,2,0.08829662623060867
23,28,8,2.2429379634559156e-05
23,28,4,0.006075756873143837
23,28,2,0.10937818873254582
23,29,8,2.6346518052741884e-05
23,29,4,0.007029092503711581
23,29,2,0.13087484840052202
24,25,8,4.307955177500844e-06
24,25,4,0.0012091415170114488
24,25,2,0.02536011928534135
24,26,8,7.4903079774230715e-06
24,26,4,0.0026873981909360735
24,26,2,0.046896695527154954
24,27,8,1.2815837655216456e-05
24,27,4,0.0038696441812906416
24,27,2,0.06825874974420294
24,28,8,1.6421536495909094e-05
24,28,4,0.004994942291779444
24,28,2,0.08939373057661579
24,29,8,2.0330218272283674e-05
24,29,4,0.005960480200033635
24,29,2,0.11058458522586152
24,30,8,2.604986266233027e-05
24,30,4,0.007155495118163526
24,30,2,0.1365769413332455
25,26,8,3.1821635086089375e-06
25,26,4,0.0015153249633964151
25,26,2,0.023018411163613202
25,27,8,8.489317214116454e-06
25,27,4,0.0027271151390392333
25,27,2,0.044944387380965053
25,28,8,1.208401252515614e-05
25,28,4,0.003864330281643197
25,28,2,0.06656859828373417
25,29,8,1.597690018825233e-05
25,29,4,0.004832428839989007
25,29,2,0.08798154317764566
25,30,8,2.1686403919011355e-05
25,30,4,0.006045573616679758
25,30,2,0.1135068066152744
25,31,8,3.04306925740093e-05
25,31,4,0.00823744534412399
25,31,2,0.37436217944240197
26,27,8,5.30339814722538e-06
26,27,4,0.0012273856696672738
26,27,2,0.023691779402270914
26,28,8,8.91339248046279e-06
26,28,4,0.0024027441363781692
26,28,2,0.04597017059372738
26,29,8,1.27877626568079e-05
26,29,4,0.003383032836159691
26,29,2,0.06753739953516051
26,30,8,1.8527142843231557e-05
26,30,4,0.004624547296529636
26,30,2,0.0929735458788462
26,31,8,2.733111744746566e-05
26,31,4,0.006852492039138451
26,31,2,0.3498702688979916
26,32,8,3.3911129692569375e-05
26,32,4,0.008133389020711184
26,32,2,0.38672643962977454
27,28,8,3.5836264491081238e-06
27,28,4,0.0012271052923984826
27,28,2,0.02359444619314745
27,29,8,7.466512359678745e-06
27,29,4,0.0022199767203535887
27,29,2,0.04580055470699444
27,30,8,1.3185517070814967e-05
27,30,4,0.003480330947134644
27,30,2,0.07146878899177536
27,31,8,2.2060251096263528e-05
27,31,4,0.005727543107047677
27,31,2,0.3241586967743002
27,32,8,2.866163277067244e-05
27,32,4,0.0070085629154928025
27,32,2,0.36015868604956197
28,29,8,3.84213225916028e-06
28,29,4,0.001028444549581036
28,29,2,0.023547148725762964
28,30,8,9.460300160571932e-06
28,30,4,0.002305112955579534
28,30,2,0.04961895558517426
28,31,8,1.835480094887316e-05
28,31,4,0.004593830369692296
28,31,2,0.2939666932725348
28,32,8,2.5037401774898173e-05
28,32,4,0.005860170658491552
28,32,2,0.3289048848687671
29,30,8,5.669404566287995e-06
29,30,4,0.001306575140496716
29,30,2,0.027200143012963234
29,31,8,1.458308775909245e-05
29,31,4,0.003624540534475818
29,31,2,0.2637529793216847
29,32,8,2.1247926587238908e-05
29,32,4,0.004905618993379175
29,32,2,0.29806386252054945
30,31,8,8.90662744641304e-06
30,31,4,0.0024039494954515247
30,31,2,0.22844022034527733
30,32,8,1.5623911982402207e-05
30,32,4,0.003713778951857239
30,32,2,0.2612684817795642
31,32,8,6.561351846903563e-06
31,32,4,0.0013867771656252445
31,32,2,0.026069206367339937
